timestamp,temperature_C,CO_ppm,CO2_ppm,power_W
2025-10-26 20:12:15.676134,86.68623227796469,5.16308852590613,458.2193251062841,794.6055048555957
2025-10-26 20:12:25.676134,89.52912707795718,4.052468369127642,449.99319174001613,806.2313201566479
2025-10-26 20:12:35.676134,95.28002439145598,5.634927435230848,440.2733705846118,778.317499314708
2025-10-26 20:12:45.676134,81.57377662931805,4.730849504282415,473.3126688768527,814.9028891980306
2025-10-26 20:12:55.676134,96.86946333181345,5.238500145869655,463.02989153502483,808.0058820693209
2025-10-26 20:13:05.676134,85.41716461829893,4.916499638815967,423.67710886019097,813.5262504998574
2025-10-26 20:13:15.676134,98.20003528336187,5.3445837777837575,438.70183040033265,855.5554494187043
2025-10-26 20:13:25.676134,92.29884472398162,4.782180230093132,455.7775782084786,781.1847078188189
2025-10-26 20:13:35.676134,102.66459802257668,4.950404793545357,458.3374291251416,807.8270303369281
2025-10-26 20:13:45.676134,91.94145836163172,5.505728925036733,474.76350496637025,792.8837235378724
2025-10-26 20:13:55.676134,88.76184011630424,4.333702976776074,466.7427266507905,789.0261214025229
2025-10-26 20:14:05.676134,85.23694351969225,5.476869061761954,451.02024364889763,806.1892342513778
2025-10-26 20:14:15.676134,86.98432395322834,5.7462543213386486,387.68233705157945,812.5154973595895
2025-10-26 20:14:25.676134,91.56854173229495,5.736373966345103,456.66796244869244,795.1285656346352
2025-10-26 20:14:35.676134,86.01763219456518,4.479226289632849,482.762132243581,823.3068668055666
2025-10-26 20:14:45.676134,83.51717131036764,4.985690040650377,426.4498561230197,803.9073858988467
2025-10-26 20:14:55.676134,86.7790828292471,4.675522878133431,443.15047398329705,798.8419538255242
2025-10-26 20:15:05.676134,95.33277651883368,5.90039269515403,422.51294509675733,796.3759788525459
2025-10-26 20:15:15.676134,90.20992308480332,5.524147929436933,450.6811778095501,803.9648030405705
2025-10-26 20:15:25.676134,88.09913716281157,4.903424251861157,423.7107779148885,804.2899071612702
2025-10-26 20:15:35.676134,85.08536542501353,4.987359258076978,437.6450762637541,811.5931010643624
2025-10-26 20:15:45.676134,83.96637434309274,4.721791889398637,438.2399849293552,797.8270600916013
2025-10-26 20:15:55.676134,78.95899167637806,5.675737861493919,397.8654823237955,799.2775890475378
2025-10-26 20:16:05.676134,85.19189368467296,4.1548329480799575,495.41978040977517,803.0650744196055
2025-10-26 20:16:15.676134,87.96157826737979,5.137480992692007,449.3951962428128,813.0923093010833
2025-10-26 20:16:25.676134,93.25212011666599,4.881372826090358,453.171722405211,793.496883834531
2025-10-26 20:16:35.676134,90.99676759018105,5.047899406742333,414.30403335481935,781.7521861587202
2025-10-26 20:16:45.676134,92.15619035108531,4.682738466791656,415.451504671423,838.4093392070693
2025-10-26 20:16:55.676134,89.74570902718675,4.756621965121457,493.4268839346049,780.9090386512135
2025-10-26 20:17:05.676134,86.31445689781542,5.633589518791183,438.12770343048084,773.1315233489566
2025-10-26 20:17:15.676134,84.94183359398137,4.992944577668706,451.7825903227731,820.9243127807252
2025-10-26 20:17:25.676134,89.87911217061443,4.801967996382798,420.5678721760034,833.7093985305577
2025-10-26 20:17:35.676134,94.30190940955586,5.38623149058955,456.1768298562479,803.967942717457
2025-10-26 20:17:45.676134,91.52418818011733,4.5999512177323805,494.840591890262,756.6010794588371
2025-10-26 20:17:55.676134,93.87334935895662,4.856596563029477,396.07808050418225,809.6911713149684
2025-10-26 20:18:05.676134,90.58038559650204,5.523528815203473,430.04225487116634,800.6295794723856
2025-10-26 20:18:15.676134,94.83342331951914,4.515217555765276,467.1706431367438,801.0848194457881
2025-10-26 20:18:25.676134,82.09789245588489,4.936900672808208,392.97516852740847,784.8580880813195
2025-10-26 20:18:35.676134,88.94286760397083,6.082739128561704,442.5351424852042,786.113869571259
2025-10-26 20:18:45.676134,89.78028657480239,4.763737203092283,464.2085001140788,807.8443399191729
2025-10-26 20:18:55.676134,88.36207295422498,4.985746158266415,439.1766432946122,790.8988276652062
2025-10-26 20:19:05.676134,87.72848031652606,4.641037569139109,416.7147220206232,802.2197799608585
2025-10-26 20:19:15.676134,95.88212687683371,5.0752283787131915,441.73969174642,775.7723405373085
2025-10-26 20:19:25.676134,86.71679697935305,4.184748440069712,437.41147763393155,789.2642583484031
2025-10-26 20:19:35.676134,91.51716480989299,5.398779463817956,456.7272173404861,793.9476254616688
2025-10-26 20:19:45.676134,87.83403931100224,5.117569901440273,438.72852559140944,773.6309524016082
2025-10-26 20:19:55.676134,80.21271628605771,4.634283518107378,426.9185412300898,792.8408432334339
2025-10-26 20:20:05.676134,94.85882287823,5.5018794453782425,488.52783096956955,810.0561458093614
2025-10-26 20:20:15.676134,98.00808124540507,5.421434991146298,420.29609153485063,812.4313783274976
2025-10-26 20:20:25.676134,79.36713323163617,5.31289292404029,446.7808458767613,796.4897461736712
2025-10-26 20:20:35.676134,87.70433268727929,5.052138835676797,455.49142743533264,788.6133163582682
2025-10-26 20:20:45.676134,85.25996633428713,5.260792221026159,439.1274182940331,789.4732973384845
2025-10-26 20:20:55.676134,81.46034560485893,4.678074077270084,432.6299139777254,805.089293139377
2025-10-26 20:21:05.676134,88.88610090257602,4.815888298960192,443.8616169789334,802.9809994561751
2025-10-26 20:21:15.676134,83.73566252384443,5.176329053036674,453.61127442188433,801.6976577224209
2025-10-26 20:21:25.676134,88.00723773059664,4.824922450308984,487.7555119931688,819.3522084737114
2025-10-26 20:21:35.676134,88.14475832824498,5.5804318241811135,457.07183025693655,811.7707763661939
2025-10-26 20:21:45.676134,95.64814972048167,5.573619391976176,471.09912489939575,805.837125731069
2025-10-26 20:21:55.676134,93.84760584034831,4.612697412689563,503.63344413020036,801.14452111718
2025-10-26 20:22:05.676134,89.63161683531408,4.966088992607125,457.3410443266228,765.7623567999483
2025-10-26 20:22:15.676134,85.82336880429605,5.504588620771231,442.8352097661608,831.4726050924796
2025-10-26 20:22:25.676134,94.348297302419,5.3980869452964635,479.52152782343285,858.2084617451128
2025-10-26 20:22:35.676134,95.79401467327709,5.081528272896513,417.4932775540501,773.9002741319197
2025-10-26 20:22:45.676134,86.78312692675041,6.1963234089247825,491.10535415734336,836.9457971388498
2025-10-26 20:22:55.676134,89.69548201163848,4.603263722261897,410.4090328686939,833.4055261208767
2025-10-26 20:23:05.676134,100.5926060959121,5.238438969481685,416.9569654605038,780.4955155695046
2025-10-26 20:23:15.676134,92.43059446646586,4.51525237808865,456.04391514410423,795.5761246957659
2025-10-26 20:23:25.676134,90.51478751822782,4.738863240034398,454.38032837092976,828.8957318973173
2025-10-26 20:23:35.676134,88.83179634861335,4.884445392573923,476.79730550096525,777.8626009596322
2025-10-26 20:23:45.676134,98.4632780906932,4.756170969560792,445.115638234093,798.7639345339919
2025-10-26 20:23:55.676134,90.73706088406061,4.503780493946544,431.0595025682649,793.9480522700856
2025-10-26 20:24:05.676134,91.09385255340666,4.646862000747042,413.6801697120331,800.5655067951657
2025-10-26 20:24:15.676134,86.11392568398149,5.7323678232385635,438.1825123481079,752.7532620475189
2025-10-26 20:24:25.676134,105.3430760985191,5.099895582473401,429.2189826182681,831.7137346024413
2025-10-26 20:24:35.676134,83.50682106417632,5.631017077569824,466.68801061729545,800.4961132376034
2025-10-26 20:24:45.676134,92.1292297069307,5.153861026453509,487.6871027442717,811.8595536917567
2025-10-26 20:24:55.676134,85.86435560697915,4.2868393804963745,464.74723653488076,781.685071230942
2025-10-26 20:25:05.676134,96.19638017986792,4.337383952106059,471.089607550118,778.2821681596408
2025-10-26 20:25:15.676134,89.95337224299605,5.136450708188338,455.44394171859074,798.36405057705
2025-10-26 20:25:25.676134,85.03390693950283,4.461915555921468,475.7500955732363,811.7174469526146
2025-10-26 20:25:35.676134,88.32924730986328,4.858634235854185,407.17728459511613,763.0619482017405
2025-10-26 20:25:45.676134,90.51041365556473,5.304348882744834,452.9974003424286,829.9296710655187
2025-10-26 20:25:55.676134,87.20256231909276,3.9695044727838162,428.33002149683017,812.2194349570481
2025-10-26 20:26:05.676134,96.77046515788237,5.179178185029307,429.55979931077894,767.1205375561309
2025-10-26 20:26:15.676134,87.57200962872791,4.788434253285496,432.48800491980546,830.1833115851437
2025-10-26 20:26:25.676134,90.08316639500177,5.135780068244722,470.45804701410094,766.2266960813528
2025-10-26 20:26:35.676134,92.6514651929881,4.962530687325012,453.39661414833364,772.902569242539
2025-10-26 20:26:45.676134,91.22865755792564,5.101642887308498,453.64000683616297,793.7517251226831
2025-10-26 20:26:55.676134,87.40788931194307,4.863563092695579,485.8821648309953,795.3102247765173
2025-10-26 20:27:05.676134,86.49534508941149,5.43032580918216,484.187053725224,829.8213018714082
2025-10-26 20:27:15.676134,95.1910741891513,4.758363787547996,474.8365526488743,762.8706223791138
2025-10-26 20:27:25.676134,91.13801932812972,5.3196862563959275,484.66859741861384,796.4316313300934
2025-10-26 20:27:35.676134,88.46161434774126,5.694435150370655,432.971902010146,794.5261821986189
2025-10-26 20:27:45.676134,88.61927181546481,4.946146628738803,449.7873335369097,764.6189486360474
2025-10-26 20:27:55.676134,86.76481792987059,5.019832465745885,448.79145509225975,809.7299608897042
2025-10-26 20:28:05.676134,93.14858222848925,4.3284503841623,471.88397230168755,796.1188925809339
2025-10-26 20:28:15.676134,98.69023103091455,4.825344637014185,418.13720829771825,823.9161855756223
2025-10-26 20:28:25.676134,91.38469950515116,4.789286313462411,429.56757452652425,839.1574231344641
2025-10-26 20:28:35.676134,94.83280012868272,5.4872679568053435,430.7948340131065,823.976500242237
2025-10-26 20:28:45.676134,90.93743909651225,4.8425642474405795,417.29015383165284,810.7794459361279
2025-10-26 20:28:55.676134,84.95954246884895,5.473211969047753,429.52089486161566,814.273895406173
2025-10-26 20:29:05.676134,89.89024280972329,5.099746039572746,439.2694969954675,822.3750007513117
2025-10-26 20:29:15.676134,92.89896211571627,4.241463487241361,434.4134251957209,808.3732796639443
2025-10-26 20:29:25.676134,86.91527369855818,4.597634030204108,412.924527543369,817.2796037060285
2025-10-26 20:29:35.676134,80.2169226015438,4.0082854827079375,470.73761704455524,826.4150360897067
2025-10-26 20:29:45.676134,85.29699057000082,4.978350895825213,485.43814349590883,740.5615291999014
2025-10-26 20:29:55.676134,87.12191314731001,4.712017932254389,435.7176589987295,799.3053915746773
2025-10-26 20:30:05.676134,96.2541086387327,4.962978403488651,425.39000863883825,800.9295314979469
2025-10-26 20:30:15.676134,78.8024699122747,5.865849265218545,432.0478402245784,811.5105300842595
2025-10-26 20:30:25.676134,90.17067207917634,5.463065916004054,451.1654375549513,788.4002604561235
2025-10-26 20:30:35.676134,81.26258058531053,4.349345698510162,438.98403904216633,828.3391691775338
2025-10-26 20:30:45.676134,81.80406947374883,4.787350467380688,455.87588836386544,811.641504551176
2025-10-26 20:30:55.676134,91.62140183554958,4.720277712322225,449.31777992988253,809.9930362541919
2025-10-26 20:31:05.676134,89.13399625521434,5.247508938840436,432.03842348898604,799.9339631175548
2025-10-26 20:31:15.676134,89.40154063965385,4.746922589630731,406.0733528961392,815.8172523411863
2025-10-26 20:31:25.676134,96.65393522510071,5.0524310043831235,424.03124220905744,790.5368575238251
2025-10-26 20:31:35.676134,88.43378276175308,4.92186410018321,434.6764704737892,828.0149568592781
2025-10-26 20:31:45.676134,93.05948050516754,4.747849526411662,409.78126906532236,803.0063209776774
2025-10-26 20:31:55.676134,91.27575087429653,4.815342009305513,456.86994368304386,806.0885089041969
2025-10-26 20:32:05.676134,78.85780169350478,5.288988536920766,443.5640535313941,829.2808583520341
2025-10-26 20:32:15.676134,94.74827825560241,5.140304976208382,425.86419389534416,790.180431357723
2025-10-26 20:32:25.676134,95.82400669365562,4.738239243274004,445.3446139629386,806.6564307445459
2025-10-26 20:32:35.676134,81.37082932225553,5.3992061626813905,467.79871351127997,770.0615171702734
2025-10-26 20:32:45.676134,83.95511299741796,5.761774994241669,453.7509654535199,764.5936008690238
2025-10-26 20:32:55.676134,91.58356488087877,5.522928948789244,450.1565019252523,806.9147415151568
2025-10-26 20:33:05.676134,89.04954797829011,4.448720692339733,443.073121832842,799.8611043038424
2025-10-26 20:33:15.676134,93.44030341989186,4.560488977732173,451.9525585093503,800.3727841307145
2025-10-26 20:33:25.676134,90.23477752333926,4.391248313874052,461.29687160769146,823.2186848106315
2025-10-26 20:33:35.676134,88.27620663340322,4.581736184229435,400.72270719124464,772.2897949804404
2025-10-26 20:33:45.676134,92.82958641295862,5.452019562066916,442.0070853967799,798.6427072701832
2025-10-26 20:33:55.676134,84.7261493239461,5.840682192399319,482.6200399314944,806.7937945103487
2025-10-26 20:34:05.676134,85.63975996964882,4.97307221832752,457.06513979923375,814.6138447748015
2025-10-26 20:34:15.676134,79.98887229061395,4.973938931185144,437.34718192566373,793.3586094236259
2025-10-26 20:34:25.676134,91.29233021063229,4.785474620188239,457.7742477992383,794.0038262976296
2025-10-26 20:34:35.676134,91.67253547378945,4.913713112698651,448.00784510130205,802.5407400764769
2025-10-26 20:34:45.676134,95.11052675514142,4.743993812742241,484.6074399534031,799.9416353978235
2025-10-26 20:34:55.676134,90.72336882049147,4.529737860910042,416.43477050596107,794.3271341974449
2025-10-26 20:35:05.676134,87.60352057492611,5.3389356969631425,422.64492632506204,787.4087626406922
2025-10-26 20:35:15.676134,94.28292306733206,4.421034569985533,506.53791790813733,814.6521178907539
2025-10-26 20:35:25.676134,84.25388566264246,4.394196556456971,453.5440676282695,771.0728872102375
2025-10-26 20:35:35.676134,84.87682551232635,4.992236311411345,444.87296538062196,794.9542579411656
2025-10-26 20:35:45.676134,85.14868745109668,5.590745294366229,438.7847290027071,801.1271793193943
2025-10-26 20:35:55.676134,94.0865613870981,4.596529052962319,431.96740866058855,799.839724791756
2025-10-26 20:36:05.676134,92.76608285053736,4.823026259131132,474.97151636604866,783.4600281540802
2025-10-26 20:36:15.676134,92.51799937267933,5.5695063060033325,464.56515881717746,815.2092623877066
2025-10-26 20:36:25.676134,85.72530866213393,5.2764361295703885,458.32205202389497,778.6106446042788
2025-10-26 20:36:35.676134,91.20798262897927,6.189952119358266,424.1649304590882,783.0672579640038
2025-10-26 20:36:45.676134,89.61114282479501,5.376809403995873,484.27348262265866,766.8223837759931
2025-10-26 20:36:55.676134,84.54415120323374,4.818168359680657,475.6628795413563,802.7764631216211
2025-10-26 20:37:05.676134,92.73281932672023,3.115704382176955,462.9733939588118,778.3773865065598
2025-10-26 20:37:15.676134,96.12670032391487,5.887028716033393,442.5817170226822,794.6038245306846
2025-10-26 20:37:25.676134,93.53460787026981,5.260316871292731,491.12894504430693,785.6377534622563
2025-10-26 20:37:35.676134,88.05721954180804,4.43416754447015,460.34384135852446,785.9044514072376
2025-10-26 20:37:45.676134,83.69484763053181,4.2931542499031385,451.30640524491395,788.6217988809049
2025-10-26 20:37:55.676134,83.42405939453432,5.532204795547353,460.26720106780493,781.2717911337485
2025-10-26 20:38:05.676134,88.20974418016206,4.941452054684119,392.53857276803757,831.0850182181043
2025-10-26 20:38:15.676134,90.22881863034046,3.7531985633341427,469.8357594690134,801.2574697656852
2025-10-26 20:38:25.676134,89.72514073575832,4.37416618742417,443.76216656671386,821.7162571492863
2025-10-26 20:38:35.676134,81.27166521001551,5.034191413302058,483.9957459469444,789.7998625519768
2025-10-26 20:38:45.676134,91.03534362463274,5.381998836986607,407.7250137140796,808.4220855260345
2025-10-26 20:38:55.676134,86.04245650657225,4.828874823357753,484.9570883625524,809.1849976326976
2025-10-26 20:39:05.676134,95.27735603063851,5.243853525936206,450.13474885482015,809.2445800851373
2025-10-26 20:39:15.676134,82.91516215110913,4.551782605419913,436.86892789685083,802.3003734495704
2025-10-26 20:39:25.676134,90.72591310595726,5.482881494429637,509.00992842210553,797.8544075334256
2025-10-26 20:39:35.676134,78.62241277633342,4.457637299231319,449.27185178127655,788.9223222477684
2025-10-26 20:39:45.676134,85.53832035637473,5.903433377365792,435.35655671980555,772.3291549281712
2025-10-26 20:39:55.676134,86.45175444387871,4.916494662395243,467.49125189889696,786.9124221999296
2025-10-26 20:40:05.676134,83.16331531353279,5.174582024708663,432.7592419769683,792.3055610278977
2025-10-26 20:40:15.676134,81.62447443842625,5.375396704128814,480.7483524083208,806.1606861165122
2025-10-26 20:40:25.676134,83.71716603876375,4.756361972211947,446.0037715900601,792.0683753346962
2025-10-26 20:40:35.676134,89.78907740875377,4.9164314831992595,453.18239024509893,787.421132350212
2025-10-26 20:40:45.676134,90.39958714900588,4.794948660236636,471.13615789723667,807.52006501352
2025-10-26 20:40:55.676134,93.4307583566336,5.34993707016307,451.09342430306367,794.6514229930929
2025-10-26 20:41:05.676134,87.91654772081856,4.95950053887554,378.0800813126102,818.7699019241774
2025-10-26 20:41:15.676134,91.79653998338226,5.077505779666611,428.4563998170429,818.1996247121093
2025-10-26 20:41:25.676134,98.8177556061521,4.376390660137819,433.4374127928696,785.5701518969903
2025-10-26 20:41:35.676134,84.40146568434115,5.039305646944709,443.61633990435365,806.6423738328721
2025-10-26 20:41:45.676134,95.81477710466277,5.2189192729823075,460.643593206033,785.2628191981461
2025-10-26 20:41:55.676134,88.04333247022056,5.199265234563887,443.87964089433933,789.818313186656
2025-10-26 20:42:05.676134,95.16450839736748,5.9657447251684586,463.81781272031975,786.4271087744673
2025-10-26 20:42:15.676134,91.56602587150391,4.84345328683072,480.4224936315848,789.4433354473222
2025-10-26 20:42:25.676134,79.77054276512631,5.472525993972541,471.31389931538064,762.5894443220611
2025-10-26 20:42:35.676134,84.81837438413702,4.230962425164753,477.26662192532865,804.8051328053239
2025-10-26 20:42:45.676134,93.32722396528705,4.860072316046371,483.38100979503906,816.6513285731047
2025-10-26 20:42:55.676134,95.06798448758798,4.095364483990679,485.40148764960804,792.8562339253555
2025-10-26 20:43:05.676134,85.26940167221187,4.388173079283277,480.98570455710694,807.2112947902632
2025-10-26 20:43:15.676134,93.09138013575343,4.178554353806077,442.23758490685145,792.211598462796
2025-10-26 20:43:25.676134,94.71650277690034,4.613681087806907,428.8925176227886,793.1313169513044
2025-10-26 20:43:35.676134,89.84401647303916,4.509727281531018,492.9063188163681,807.8834267682568
2025-10-26 20:43:45.676134,89.16695453970162,4.426143777688039,420.01614725628025,824.9397148803761
2025-10-26 20:43:55.676134,74.77848507598507,4.495463022298591,431.3703674001755,782.7623417765692
2025-10-26 20:44:05.676134,96.68970212242269,5.197552645289232,444.1239648766757,785.6932887180644
2025-10-26 20:44:15.676134,88.02164291178774,5.124871958469923,436.9239339448786,820.1077765084647
2025-10-26 20:44:25.676134,91.69004709741526,4.952084894043739,432.319656453155,785.4359805529389
2025-10-26 20:44:35.676134,89.43715632227948,4.745162647225408,473.2003827819824,784.2292783672907
2025-10-26 20:44:45.676134,82.54142952556339,5.276223588748792,441.6640907369665,829.7985326648263
2025-10-26 20:44:55.676134,95.03295570585738,3.75350422569547,426.883308168034,794.5547390829352
2025-10-26 20:45:05.676134,95.21958396922935,5.0877405606134465,461.0503367697016,814.095489331588
2025-10-26 20:45:15.676134,95.81943037997506,4.78550193506745,444.6393666487411,797.9160004886713
2025-10-26 20:45:25.676134,91.9984522128741,6.442271890894586,436.4532618757388,808.8717812486896
2025-10-26 20:45:35.676134,93.35616382816922,5.957430278506687,452.6335955088206,787.6088268555383
2025-10-26 20:45:45.676134,99.96685600850834,4.630071725665661,434.422548835889,800.8049015227857
2025-10-26 20:45:55.676134,97.60621356796602,4.81875631043815,484.6570588542742,838.5538653712418
2025-10-26 20:46:05.676134,88.564136449174,4.009897788760391,433.7202735587982,852.2956183050878
2025-10-26 20:46:15.676134,83.61138430687808,5.092088883385179,460.0014523153627,800.1606527363359
2025-10-26 20:46:25.676134,84.41896851353744,4.9379751491526624,479.4272470355063,796.9153816704822
2025-10-26 20:46:35.676134,88.74346106867974,5.798579706531826,443.8803442665219,778.3029637418507
2025-10-26 20:46:45.676134,89.86598929344348,5.276760829600915,414.2737219647609,800.6289233823401
2025-10-26 20:46:55.676134,97.5040328877848,3.944074953084435,443.68895664454925,837.7515291181552
2025-10-26 20:47:05.676134,89.33811690973445,5.378429579750909,437.54641903186626,791.2498150571072
2025-10-26 20:47:15.676134,83.58271840792308,4.996877872022263,433.1244658295337,792.4768242377016
2025-10-26 20:47:25.676134,92.82660357426445,4.813293391047677,477.57075382728004,827.7957772468972
2025-10-26 20:47:35.676134,79.88829368876574,4.935084262510873,471.11355141731605,824.1710637336378
2025-10-26 20:47:45.676134,96.23467217403599,5.692686803989914,463.5130531418764,809.6558882252623
2025-10-26 20:47:55.676134,100.47630773390348,5.536859275572266,445.97135496905696,792.3357528264673
2025-10-26 20:48:05.676134,75.5688651826611,6.055944183285129,470.71010486028797,786.9327361437882
2025-10-26 20:48:15.676134,84.76987339092403,5.103429733149435,447.1610434774411,765.2794539342607
2025-10-26 20:48:25.676134,87.3264965128323,4.894914860076978,476.0401305170582,800.6914164394109
2025-10-26 20:48:35.676134,87.89032341948878,5.77412859098283,458.81645137884925,810.6428461371107
2025-10-26 20:48:45.676134,94.17169848085425,5.577736836153416,445.2202387453488,774.951175302289
2025-10-26 20:48:55.676134,98.23823358765839,5.026035063244486,476.15908803776,806.4665839246833
2025-10-26 20:49:05.676134,91.66353414958982,4.41576274764776,460.3598988532545,809.2753526631869
2025-10-26 20:49:15.676134,89.81053251682151,5.414798963399333,458.58675670272777,787.0913198254456
2025-10-26 20:49:25.676134,91.97554390648655,4.678123843086023,425.8406261029402,773.1823652024468
2025-10-26 20:49:35.676134,85.94036532809085,5.593223448696403,435.15913806469706,812.1431284601891
2025-10-26 20:49:45.676134,91.22841221990112,4.857311240268054,458.48255722769204,770.4656041587499
2025-10-26 20:49:55.676134,83.13364006838687,4.836792122231196,454.4812384499815,807.8717720741753
2025-10-26 20:50:05.676134,93.68102393557126,5.478030076469735,425.92751609395214,824.7999952598128
2025-10-26 20:50:15.676134,87.16242249394674,5.2937682224915585,507.57171584089866,828.9413849533418
2025-10-26 20:50:25.676134,94.11992968839851,5.135803289988787,455.58535866307983,832.8900005722624
2025-10-26 20:50:35.676134,92.85019440203621,5.2987343204151385,461.70866303541817,814.9506539401647
2025-10-26 20:50:45.676134,92.53350555641848,4.64261162303124,473.9638728633406,786.1898432817732
2025-10-26 20:50:55.676134,86.33635953309283,4.818514918123072,479.6537421603094,789.7335266700837
2025-10-26 20:51:05.676134,94.00089309045461,4.78475364167826,460.5731152093352,820.3604097066516
2025-10-26 20:51:15.676134,88.70044568073259,5.479284025852729,408.3801006507132,791.7967811283185
2025-10-26 20:51:25.676134,83.46573078164172,5.391648391922617,444.9432080843986,789.7434542224845
2025-10-26 20:51:35.676134,82.40540917946262,4.197402523918894,449.9107971498079,817.8913980190315
2025-10-26 20:51:45.676134,90.00191318076733,4.862279912124993,467.5969532776105,845.8997872638581
2025-10-26 20:51:55.676134,97.7631180414864,5.091591109585182,449.67423150829336,814.9592439330588
2025-10-26 20:52:05.676134,95.55183246858645,5.030601057243986,498.44107312177414,802.0262315843338
2025-10-26 20:52:15.676134,92.44207796260386,5.100928418382808,457.3423272232802,820.9931977350153
2025-10-26 20:52:25.676134,86.09008498490604,5.334287889773776,486.854162733911,806.784045299405
2025-10-26 20:52:35.676134,85.8172126335664,4.627105329365162,472.5686528844902,804.670751637859
2025-10-26 20:52:45.676134,94.2234564378552,4.822426848201656,450.57879208624763,735.373805173751
2025-10-26 20:52:55.676134,93.16825621589719,5.319535256902556,470.42186254340544,799.5879083736979
2025-10-26 20:53:05.676134,95.27124262967415,4.69719893841337,431.16806417634405,782.1082590382443
2025-10-26 20:53:15.676134,95.7994765145331,3.9888292535680083,459.8858251282568,800.8068344585674
2025-10-26 20:53:25.676134,88.58166181606454,5.685847741076234,460.97066500917526,787.6556109626127
2025-10-26 20:53:35.676134,85.82635426372451,4.341212875645056,388.42687492875143,810.393340282031
2025-10-26 20:53:45.676134,101.70352609606894,5.41372647819909,428.6168142031589,802.8816711126764
2025-10-26 20:53:55.676134,97.3213963029612,4.440338619487475,431.02881939065554,793.7102024569599
2025-10-26 20:54:05.676134,99.47794587620912,4.639932359064011,464.47808932275,792.9982123352623
2025-10-26 20:54:15.676134,92.74754180119442,4.935959032099454,451.5809086912699,797.5370133586136
2025-10-26 20:54:25.676134,89.6558038516611,5.037641921335697,457.5009218648201,808.8388490475044
2025-10-26 20:54:35.676134,96.81820869408924,5.089691248467216,462.5714137800654,818.0156955867844
2025-10-26 20:54:45.676134,85.56733386918259,4.404719890784619,494.09487349783984,824.1337870772351
2025-10-26 20:54:55.676134,95.43474172175519,5.22184736270132,433.41961550796464,816.6826274298046
2025-10-26 20:55:05.676134,86.06332590896226,4.19432844295496,396.61985134980756,778.2621398062267
2025-10-26 20:55:15.676134,87.58701350681595,5.755099338831962,425.3352419993752,793.2204397673582
2025-10-26 20:55:25.676134,92.27601173364823,5.074410950758053,427.56821836958176,768.0202717948822
2025-10-26 20:55:35.676134,93.77735934766162,5.568915813587675,436.80830291419136,798.4334591343936
2025-10-26 20:55:45.676134,99.35903519113715,4.607565986877579,489.89510733759556,792.201559623363
2025-10-26 20:55:55.676134,92.7383280532246,5.742928320555947,470.10423254730335,796.1136571612647
2025-10-26 20:56:05.676134,94.4715552335556,4.331367231281176,472.71951700744296,797.6478295913903
2025-10-26 20:56:15.676134,89.0452193249383,4.933128333144479,495.72212767562297,810.8931627193429
2025-10-26 20:56:25.676134,97.89597870497018,4.077209906676549,473.67157525123463,805.3025034150866
2025-10-26 20:56:35.676134,90.08057010644862,4.821472006289294,489.26202938161566,809.020433093361
2025-10-26 20:56:45.676134,97.93209843708813,4.849338300827372,455.293617956977,761.012071802013
2025-10-26 20:56:55.676134,88.29139862596342,4.7083164108076225,422.37498804819785,817.8539737619649
2025-10-26 20:57:05.676134,88.40270214646624,5.062107547202839,416.89074372903366,821.6754981691239
2025-10-26 20:57:15.676134,95.12343536635164,5.149769293578718,429.7170379866342,799.5866157026765
2025-10-26 20:57:25.676134,90.74138698489676,4.389370764267166,462.141984396805,782.3851733119828
2025-10-26 20:57:35.676134,85.5124601108018,5.7732468009928475,483.1553994271862,777.4414820048305
2025-10-26 20:57:45.676134,82.01810017850187,4.715103284095492,475.0823142790055,800.5644168636991
2025-10-26 20:57:55.676134,92.34231177112586,4.442287536277207,451.06222285199067,835.1103494670401
2025-10-26 20:58:05.676134,87.53335856920974,5.452172845114369,422.1042508016912,825.9728642359395
2025-10-26 20:58:15.676134,86.87369334577222,4.682343361341657,466.55030611753324,766.8105577295987
2025-10-26 20:58:25.676134,92.27673050304286,4.465539489671027,497.9838282807595,796.9121315295976
2025-10-26 20:58:35.676134,89.92503588351269,5.492179538442645,447.7448630054795,782.5186144634155
2025-10-26 20:58:45.676134,96.19776161020727,4.530804705911202,422.58182336404604,782.7378884016629
2025-10-26 20:58:55.676134,84.57013877876328,4.99399318717097,422.1004240173328,818.1838514217861
2025-10-26 20:59:05.676134,90.87217962979744,5.225416470210427,505.83841370460675,790.7423849839837
2025-10-26 20:59:15.676134,89.82047733917324,5.003524117875959,425.5011633280961,830.5093036872188
2025-10-26 20:59:25.676134,94.67238517310729,5.164247738085215,465.18605726560907,793.9163164974163
2025-10-26 20:59:35.676134,91.6489073311806,4.813312762340275,410.9925451442742,806.8948847586419
2025-10-26 20:59:45.676134,91.36463474719307,5.029019522350198,456.98206057015204,760.2624014123334
2025-10-26 20:59:55.676134,85.29667331711552,4.055616751493215,478.89042613760967,792.5357780949304
2025-10-26 21:00:05.676134,92.60857736458203,4.988352522673256,426.0412386768901,786.6170635820528
2025-10-26 21:00:15.676134,93.11090699939098,4.380239393165212,448.5027802861465,823.5388392738215
2025-10-26 21:00:25.676134,82.75629555169576,5.485995269986059,452.4462450678289,791.440694259678
2025-10-26 21:00:35.676134,84.51600978981244,4.869373510885851,461.6651115397718,830.5041998466006
2025-10-26 21:00:45.676134,87.54223672085516,4.941236364052695,471.837225912118,798.8243229085663
2025-10-26 21:00:55.676134,94.82211950863564,6.038881922091026,452.8832818950944,808.5741371474644
2025-10-26 21:01:05.676134,88.01955488087667,4.801602852127887,425.13743047816905,835.8617524498331
2025-10-26 21:01:15.676134,94.8953040124863,6.197746443504284,475.0067997141641,805.8712534452906
2025-10-26 21:01:25.676134,84.55429481969163,5.176379500653241,447.7451065133854,770.1541459751784
2025-10-26 21:01:35.676134,92.21945801426995,4.8005688536393425,481.60455466323197,801.0578329488878
2025-10-26 21:01:45.676134,87.87597757240626,5.541118905798611,448.804307149162,778.4547902306128
2025-10-26 21:01:55.676134,94.02180358722858,5.423212798931535,442.51195776994933,814.4885449257164
2025-10-26 21:02:05.676134,85.6126011004895,4.674680909523191,485.8424346253881,776.3044652439066
2025-10-26 21:02:15.676134,90.44696521188118,4.930499909412033,476.40450851350107,765.379944067629
2025-10-26 21:02:25.676134,96.61452428244071,5.041538188722496,463.28576361731984,798.1349085850104
2025-10-26 21:02:35.676134,99.23746638184093,5.367287116203836,406.25971115332004,821.2909524247818
2025-10-26 21:02:45.676134,89.19810775941842,4.841400775689321,426.0383968108724,794.0025758377981
2025-10-26 21:02:55.676134,92.37969068569937,5.283131934142227,420.08922458413275,809.6347385463924
2025-10-26 21:03:05.676134,83.92400755792208,4.263595225296329,432.21624483711884,780.6841953451617
2025-10-26 21:03:15.676134,93.0679859738275,5.819536885356252,442.2130245199833,846.8763803166764
2025-10-26 21:03:25.676134,97.78740486630952,5.270613266167302,481.8286733173152,804.3737287303935
2025-10-26 21:03:35.676134,83.67005810364495,4.871402548984137,425.4379828549424,773.2911394123635
2025-10-26 21:03:45.676134,87.71911664770089,5.059915962118455,457.2507825188086,776.7186301686297
2025-10-26 21:03:55.676134,96.72396222210787,3.885477627607954,466.47049573334107,785.2043997104482
2025-10-26 21:04:05.676134,86.86771867375964,5.3954590300310645,473.8527045930336,808.4748542289918
2025-10-26 21:04:15.676134,91.16019205034112,4.921591114785918,457.23290677955384,821.896701450946
2025-10-26 21:04:25.676134,89.68445030377995,3.9017567309786663,465.2327182618563,813.8988036065251
2025-10-26 21:04:35.676134,91.75215944679621,5.071821824443077,474.3978314653477,793.3339698849276
2025-10-26 21:04:45.676134,97.25664905934457,4.641781841078808,436.8820427516517,789.1905711017046
2025-10-26 21:04:55.676134,84.68848884765434,5.3093588955907345,422.2790629935317,806.6181927066659
2025-10-26 21:05:05.676134,83.57713682449744,4.982534539187406,451.2834307212676,817.4897048334403
2025-10-26 21:05:15.676134,94.46059259926291,4.243405968184622,486.2435973038712,820.211236285661
2025-10-26 21:05:25.676134,89.10650401401408,5.5329459466015685,406.1938237456383,810.3825878433028
2025-10-26 21:05:35.676134,86.4998123452269,5.423085259923767,492.56594997473,823.0998518605129
2025-10-26 21:05:45.676134,93.95058905266926,3.881346847429048,475.93433252882835,804.3586212892001
2025-10-26 21:05:55.676134,83.81529181854646,4.383202743199301,449.5097025214689,790.6150075000551
2025-10-26 21:06:05.676134,98.86670805032504,5.154819995140877,426.7286422625701,818.6089852487414
2025-10-26 21:06:15.676134,86.33837674664288,5.7504415034071,471.62418163051524,780.3467689426404
2025-10-26 21:06:25.676134,87.50081436038755,4.768640496799777,443.63894480011055,783.2966267510722
2025-10-26 21:06:35.676134,85.89688197320191,5.475918032406107,475.1729549070762,807.9833634888963
2025-10-26 21:06:45.676134,91.47671859054512,5.434841508426675,432.2270761090497,802.5098056386764
2025-10-26 21:06:55.676134,89.35230911525987,4.689219440156391,463.62611250297545,791.5048803986734
2025-10-26 21:07:05.676134,97.32344534074181,5.263340946892438,453.9841183641222,822.7297761921923
2025-10-26 21:07:15.676134,90.6589070891156,4.789595622582374,476.49986227977047,793.565833530781
2025-10-26 21:07:25.676134,87.16868529838344,5.04141153883394,473.4030555927153,779.746631315795
2025-10-26 21:07:35.676134,91.7142457752097,4.780484661133102,445.23363012356793,793.3307968702161
2025-10-26 21:07:45.676134,85.56590104270413,5.172399947470386,451.18088769949253,826.0975412543769
2025-10-26 21:07:55.676134,78.98035466420953,5.023835461988812,467.6390979890939,789.6795452004982
2025-10-26 21:08:05.676134,89.86883344485837,4.918207666542601,465.1208247010426,816.2404919961423
2025-10-26 21:08:15.676134,89.96692799102999,4.268695252418563,399.6201230493516,825.1599274103766
2025-10-26 21:08:25.676134,93.71370810031289,5.168016598629862,465.58037875285083,821.0201772576637
2025-10-26 21:08:35.676134,88.273867641563,4.163372525887201,469.40934181093377,775.7277511410135
2025-10-26 21:08:45.676134,81.51912816512313,5.4427909787070305,471.4613811809663,806.231477888634
2025-10-26 21:08:55.676134,94.94268363836922,5.4839841368755335,475.6657175086836,828.160176612631
2025-10-26 21:09:05.676134,90.60400774805122,5.696374115796571,451.61583997264705,784.3504835775316
2025-10-26 21:09:15.676134,86.04204093812463,4.541152712673541,494.7227963136048,779.0382516512251
2025-10-26 21:09:25.676134,89.53869220862029,6.047580641381655,444.10987213553597,767.972336331244
2025-10-26 21:09:35.676134,78.48802371658564,5.333588884648098,474.8445354553667,783.7836163535077
2025-10-26 21:09:45.676134,108.898459083463,4.242794582317184,426.7211413440057,808.5058190369602
2025-10-26 21:09:55.676134,87.81790892988563,4.960889035895832,498.9563879369236,756.8406872004862
2025-10-26 21:10:05.676134,84.81803508907953,4.4284625222515555,480.70723922740285,780.9435030577977
2025-10-26 21:10:15.676134,81.83863039049584,5.186310367806229,439.4727828155932,776.6503752608534
2025-10-26 21:10:25.676134,87.98071132426097,4.8248988579791625,483.5401802799247,807.8923531409305
2025-10-26 21:10:35.676134,91.36510826227,5.22537447269008,412.70878008849957,807.7389822992872
2025-10-26 21:10:45.676134,93.0925972219652,5.378803979431593,446.3566059339571,780.5573768255377
2025-10-26 21:10:55.676134,91.24157309700985,5.1618325472807225,410.72191171345827,791.7809737848726
2025-10-26 21:11:05.676134,91.68101196718939,4.37966730963407,418.1724128313965,830.7849395263573
2025-10-26 21:11:15.676134,84.79179711739418,5.381264049851397,415.5673013515043,796.0706397139353
2025-10-26 21:11:25.676134,80.42865917621933,5.129652383976117,465.39151712801606,817.9627669537438
2025-10-26 21:11:35.676134,77.53959045093751,4.860964549054401,432.3474523846201,836.4000224745024
2025-10-26 21:11:45.676134,92.12431193479244,5.480183818020482,457.7149172363185,825.1199974963924
2025-10-26 21:11:55.676134,87.01234182237154,5.271819597981763,444.2798252098121,798.4728095683549
2025-10-26 21:12:05.676134,90.12150654434328,5.5023363057531585,462.1658165621358,827.2412069990824
2025-10-26 21:12:15.676134,80.08799280484523,4.445752005705061,464.5965984556557,835.6183288294966
2025-10-26 21:12:25.676134,88.4152808439233,5.476831006883916,453.4104814186494,789.7056879238428
2025-10-26 21:12:35.676134,85.94661897855653,4.239610564141497,450.80275134541085,799.0509917026895
2025-10-26 21:12:45.676134,83.87230091189384,4.509762019891633,458.34129338109653,796.4616759516127
2025-10-26 21:12:55.676134,92.1176059019363,5.741245132890505,458.61819637430864,810.550310567825
2025-10-26 21:13:05.676134,86.34003101001599,4.757950505987468,483.82081106814724,813.7311369573235
2025-10-26 21:13:15.676134,85.51249711914753,5.088862893177112,467.9175712815655,814.478267262985
2025-10-26 21:13:25.676134,84.6633007906451,4.406162958601204,440.54887796550884,779.7951681823694
2025-10-26 21:13:35.676134,94.48893335165393,4.928982330624124,430.80179076983495,786.0357654338048
2025-10-26 21:13:45.676134,85.42058467536651,5.915298581180881,497.79890952446993,834.7571545064359
2025-10-26 21:13:55.676134,99.21411529587425,4.929600423897141,468.89421874351973,825.2013264539236
2025-10-26 21:14:05.676134,91.20752154023323,5.577138388808359,449.3875264474723,835.1812812703739
2025-10-26 21:14:15.676134,91.08259163433986,4.694726937199116,441.17415088913134,813.5557918384568
2025-10-26 21:14:25.676134,92.92403119813639,5.619888043071025,460.25873155820796,780.3231179726522
2025-10-26 21:14:35.676134,88.52082606381803,4.4529775709319726,470.0580429044695,788.7811109032879
2025-10-26 21:14:45.676134,92.13786082947207,5.469513123977379,504.45797328561775,803.7406585737635
2025-10-26 21:14:55.676134,88.96258072530273,5.123625431825524,411.84614997032674,797.0608351919386
2025-10-26 21:15:05.676134,90.23516642443776,4.858406225490969,442.8748818202807,789.1008613748936
2025-10-26 21:15:15.676134,90.02519752022629,5.213117701820186,466.7457040878321,780.0756709273473
2025-10-26 21:15:25.676134,86.26971180269902,4.191161526612921,447.8512350781342,818.9538348254355
2025-10-26 21:15:35.676134,83.19946613260187,5.407433681268192,463.13142236044416,798.2604913101575
2025-10-26 21:15:45.676134,91.10794934951765,5.1086958921068835,467.66666014795845,793.0583322379106
2025-10-26 21:15:55.676134,87.24950533344595,4.469434123866276,417.882863517048,801.7647930730536
2025-10-26 21:16:05.676134,91.85889373016678,5.265664272040685,515.7619517652238,820.4587409442835
2025-10-26 21:16:15.676134,87.73942765293222,4.233849283949528,438.5633062038081,800.3360787405024
2025-10-26 21:16:25.676134,85.34354738243056,5.298791181923395,422.45781265813173,796.1339753782929
2025-10-26 21:16:35.676134,94.72263442182157,5.975983999243222,490.4329737114823,792.1970941043594
2025-10-26 21:16:45.676134,86.31140784251852,5.0653449408505535,451.5605490795932,803.060070747737
2025-10-26 21:16:55.676134,99.01974526066522,5.278054681812193,458.1752657287039,832.7365917130951
2025-10-26 21:17:05.676134,81.72226825834568,5.886828698158391,459.3432419120702,818.7004665498771
2025-10-26 21:17:15.676134,87.78115230507039,5.000021065391846,439.5912208460949,814.7454755743677
2025-10-26 21:17:25.676134,90.97034672612864,5.866521434241518,426.7038659317079,831.4580037947757
2025-10-26 21:17:35.676134,89.17081043417348,5.510014802944678,435.6930452971839,802.2520987272885
2025-10-26 21:17:45.676134,88.02721607841775,4.476645376148967,421.02160496154596,735.7673030989839
2025-10-26 21:17:55.676134,84.54015444242182,5.528466345506196,471.9759500375954,808.5632338985138
2025-10-26 21:18:05.676134,92.49716283038327,5.6094172178388435,466.52682982630733,842.6810271823622
2025-10-26 21:18:15.676134,93.46079307706029,4.667820459050625,385.80154942963935,788.1384057834794
2025-10-26 21:18:25.676134,95.91605377557161,5.108130354362688,454.9295141197887,789.3195316206006
2025-10-26 21:18:35.676134,99.54473659138165,4.756968963197258,463.51114537828715,781.9316562038235
2025-10-26 21:18:45.676134,92.16458301809247,4.470498217125719,453.5556482644004,762.7386303455796
2025-10-26 21:18:55.676134,90.27345139920895,4.708266962106571,465.81208288056956,769.7336967416113
2025-10-26 21:19:05.676134,89.84615053826317,5.04684591768822,484.746809616227,808.1579657785237
2025-10-26 21:19:15.676134,86.79880520345827,4.958946295125894,460.0154710923003,814.2480341838814
2025-10-26 21:19:25.676134,98.47140597039508,5.248753199407112,500.63598081973197,813.9253240942188
2025-10-26 21:19:35.676134,88.40766210003761,5.384096223900487,447.65474205724246,817.6266275724063
2025-10-26 21:19:45.676134,82.06985174408752,4.897124907802798,452.31688937056896,830.7960785002632
2025-10-26 21:19:55.676134,86.46562076338724,4.892879694278143,430.6130897477732,836.7189718331753
2025-10-26 21:20:05.676134,96.5153191640623,5.93663445913268,452.7018474944217,798.9588929189605
2025-10-26 21:20:15.676134,88.04972378904547,4.632214823716907,470.94243120908124,796.4399701860045
2025-10-26 21:20:25.676134,90.43928657708378,5.721769056871851,453.94929662418735,823.4905131001308
2025-10-26 21:20:35.676134,95.06225440054047,3.7126890850577454,489.6135889172466,775.3561586050399
2025-10-26 21:20:45.676134,98.1281483464975,5.6842964956063895,484.06957734448054,790.3169072217137
2025-10-26 21:20:55.676134,89.74812294600429,5.07451954192618,407.0333276157713,805.9505925912741
2025-10-26 21:21:05.676134,95.34957412317468,4.815155071853128,437.4284290733741,812.0228741579101
2025-10-26 21:21:15.676134,93.51054345095486,5.083002106887588,426.53187273485264,812.0485629883138
2025-10-26 21:21:25.676134,93.923811007069,5.506557584458402,457.4014398201749,817.092713041078
2025-10-26 21:21:35.676134,90.26434805310748,4.975415101511223,445.64589480824407,769.5804736288927
2025-10-26 21:21:45.676134,86.04305583603161,5.838518605424515,401.30948866215994,791.0503653066929
2025-10-26 21:21:55.676134,88.47119207691867,4.761982224173693,485.3164143213562,785.2614817797905
2025-10-26 21:22:05.676134,92.32901202517922,4.846102515375454,522.175728538236,784.0336736142722
2025-10-26 21:22:15.676134,82.56751255076426,4.876583346336379,452.88452816158815,798.3647766432872
2025-10-26 21:22:25.676134,83.07667747322888,6.095115008249337,493.7853783406824,781.1653892641441
2025-10-26 21:22:35.676134,85.20957307679218,5.225289770277361,458.5540302881774,804.036811767487
2025-10-26 21:22:45.676134,84.83341676464806,5.82181091966291,447.17644253495723,783.7725546951963
2025-10-26 21:22:55.676134,96.8450312541139,4.58175023307537,452.92310768653317,807.4363343170379
2025-10-26 21:23:05.676134,93.40127614793192,5.221430637621952,468.074234867883,791.5872043547582
2025-10-26 21:23:15.676134,94.39320976753584,4.836199123759591,474.5607793724061,792.6988907582594
2025-10-26 21:23:25.676134,88.83669084542423,3.8901179188480697,488.038207844363,801.4434020424687
2025-10-26 21:23:35.676134,86.00223764871778,4.706313647219899,496.93269942281654,821.0227052891261
2025-10-26 21:23:45.676134,98.52107977370655,4.941964561728896,436.72432129362477,802.4196976267383
2025-10-26 21:23:55.676134,89.15703314001911,4.837872481144568,440.2100964490875,802.0637445950186
2025-10-26 21:24:05.676134,95.14811290926093,5.070977342035683,441.43093246686914,818.9378801943501
2025-10-26 21:24:15.676134,93.5119464909485,5.068073623062561,449.4885491861374,844.1448073476604
2025-10-26 21:24:25.676134,98.52552723712688,4.754302806851819,436.93028055156094,784.9759666942192
2025-10-26 21:24:35.676134,94.15699086509667,4.868027849008372,437.3655636880026,816.8537101545652
2025-10-26 21:24:45.676134,94.51578990010401,4.238193638941093,496.7391726215645,756.2255513472437
2025-10-26 21:24:55.676134,84.78244104701854,5.419282018444019,470.6699152000815,815.5858467894564
2025-10-26 21:25:05.676134,94.20496000635536,5.103566433377069,461.50179046409994,839.4328730806059
2025-10-26 21:25:15.676134,92.53773501814804,4.880254386788847,442.24294050061246,804.9477245034384
2025-10-26 21:25:25.676134,88.3753736838783,5.777082716854619,467.0612076033622,812.4303395077003
2025-10-26 21:25:35.676134,92.25536244285593,5.004727682302619,411.55921842487413,834.7095973880496
2025-10-26 21:25:45.676134,84.69648889982165,4.855009382575343,478.1419985095694,832.7733473954344
2025-10-26 21:25:55.676134,90.50645494669716,4.742659873834842,480.70578536488546,840.5638033158807
2025-10-26 21:26:05.676134,91.88576170394036,4.21100485845808,458.00206455880715,761.7777168709353
2025-10-26 21:26:15.676134,88.77001180572788,4.710151643737117,447.26228323161126,788.0825150942884
2025-10-26 21:26:25.676134,91.84009259196881,4.7004832478317295,432.68565068055534,791.5281695658913
2025-10-26 21:26:35.676134,89.6955198262666,5.890158087262285,480.5979522862952,781.2978877796818
2025-10-26 21:26:45.676134,89.40360796889993,4.510418634762179,428.1291935429969,792.0489772599075
2025-10-26 21:26:55.676134,96.46523169076193,4.901379080969326,479.73610425714185,799.2969484876871
2025-10-26 21:27:05.676134,89.19114295268155,5.3165887062454305,486.8975640925711,799.593219998564
2025-10-26 21:27:15.676134,88.66199609949393,4.891386975771976,446.8966183963718,802.6631979559315
2025-10-26 21:27:25.676134,94.58893810300758,5.143757619837583,458.4746549072458,806.9317477188788
2025-10-26 21:27:35.676134,96.40337710452502,4.828223892745202,399.79379691214154,766.0891479884484
2025-10-26 21:27:45.676134,89.12166612929813,4.427155083016585,467.13433150637826,787.6345148327832
2025-10-26 21:27:55.676134,92.27722768903637,4.594574132751005,475.90474372392066,805.0199266569208
2025-10-26 21:28:05.676134,91.65307766182642,4.601855487161781,451.64444912779743,802.8790524488109
2025-10-26 21:28:15.676134,97.68916613303551,4.7129138821071335,379.9461900164664,812.2911773552051
2025-10-26 21:28:25.676134,96.79711814127195,5.535242966835571,468.56701847453917,777.0286651707798
2025-10-26 21:28:35.676134,82.3944820398848,4.76522909960089,445.09568937977053,814.2498702405258
2025-10-26 21:28:45.676134,89.56935031298822,5.911029955671726,425.92909013753206,805.1788761415147
2025-10-26 21:28:55.676134,85.76000695809022,5.311187861517218,470.0687067264287,790.755686818629
2025-10-26 21:29:05.676134,91.07528039424886,5.176219402174255,507.6577989471076,802.2217239810087
2025-10-26 21:29:15.676134,81.73004505862966,4.550975889007744,460.97231109452065,811.9570920700246
2025-10-26 21:29:25.676134,87.00154671962882,5.176582797567748,440.6896495507613,812.807756707494
2025-10-26 21:29:35.676134,91.77470944584229,4.57178273147432,397.6189702445514,782.1590887078058
2025-10-26 21:29:45.676134,84.81597944387676,4.810446906572909,440.81918364381846,792.0177784389083
2025-10-26 21:29:55.676134,89.9119126956472,4.625802632110405,441.3532123497999,781.7044756604089
2025-10-26 21:30:05.676134,99.71072000478706,4.9740210265531495,497.925977252885,771.5569127711105
2025-10-26 21:30:15.676134,80.64940244165564,5.74579970650238,479.24146774778086,750.5758911393268
2025-10-26 21:30:25.676134,81.65500681903814,4.75302952981312,422.7563956225715,816.7333701451794
2025-10-26 21:30:35.676134,86.96824278106547,5.444815406179912,459.3427122851986,816.4849808705226
2025-10-26 21:30:45.676134,91.19486641072365,5.643468441909343,441.9574979771454,810.3489996754431
2025-10-26 21:30:55.676134,94.38543295281858,4.903167260204483,417.50201288564676,821.7434413797005
2025-10-26 21:31:05.676134,79.86480779076057,5.050256376848411,447.66609122399603,762.1888757905269
2025-10-26 21:31:15.676134,83.38128278196154,4.976418931982161,487.5501235788612,799.7356639828746
2025-10-26 21:31:25.676134,89.46495764251188,5.344371523956074,449.1162697481178,816.4033951251636
2025-10-26 21:31:35.676134,91.37881073607639,5.230838606169511,419.2268189606358,821.1503000265099
2025-10-26 21:31:45.676134,88.32176932101586,4.388911632109726,413.8253576946202,823.0995649537326
2025-10-26 21:31:55.676134,97.48087452419625,4.86179044379228,452.25758123934827,797.967069664503
2025-10-26 21:32:05.676134,96.6501434728092,4.501844703051743,455.30884106875595,804.9231922469476
2025-10-26 21:32:15.676134,99.06194751531774,4.559449626580819,449.08599184986366,818.3214523261634
2025-10-26 21:32:25.676134,96.05498986557518,4.7456420002754935,430.689582174338,772.7540411746742
2025-10-26 21:32:35.676134,94.11891661771341,5.245672151479422,471.06868725259557,799.1470252607082
2025-10-26 21:32:45.676134,84.98244643331545,4.869869443174754,468.3685554896994,785.309925641861
2025-10-26 21:32:55.676134,87.73109025824483,5.47842764467747,439.4140709264863,794.4068207437376
2025-10-26 21:33:05.676134,92.07499984675788,5.486371543808541,446.5000994955115,785.8562548659305
2025-10-26 21:33:15.676134,84.11331044820037,4.374768787889582,423.1461167652779,811.7594597446081
2025-10-26 21:33:25.676134,87.56095059304238,4.661859076626039,438.8642452666984,817.1159036351128
2025-10-26 21:33:35.676134,81.12332460628576,5.040144402585718,493.61171041698117,769.2482274373576
2025-10-26 21:33:45.676134,92.70080281967942,5.4280594790958485,487.0087024660535,831.4781971193229
2025-10-26 21:33:55.676134,99.58851492533879,6.103885160078694,460.4245402651138,835.8681538486485
2025-10-26 21:34:05.676134,85.18776471529665,6.096483553005012,478.1400084525572,832.6545901126111
2025-10-26 21:34:15.676134,97.32051930434594,5.63815690885937,439.21387105041885,817.5851409044432
2025-10-26 21:34:25.676134,94.92189428197482,5.064846550266509,465.87824748810345,788.6269441928996
2025-10-26 21:34:35.676134,93.44949088956761,5.39563114311172,469.50310574669334,782.0943476362163
2025-10-26 21:34:45.676134,92.50773940450415,5.063056792996714,455.0923228316155,812.4569062440034
2025-10-26 21:34:55.676134,90.01885078502336,6.024482990552306,483.7903124631389,797.9616052386127
2025-10-26 21:35:05.676134,93.6517969145203,4.7195754960130065,455.267352505779,770.0539834754261
2025-10-26 21:35:15.676134,95.18815195409549,5.353506182624608,494.0848301376639,773.6345456064071
2025-10-26 21:35:25.676134,82.76508236956407,4.697981036236195,470.6359403153705,783.395655780829
2025-10-26 21:35:35.676134,92.57340353888556,5.098470120363789,412.44569260266275,805.5092223297173
2025-10-26 21:35:45.676134,93.9382214605523,5.400954314947818,487.7151825175754,757.7733330355525
2025-10-26 21:35:55.676134,84.31340193864217,4.996401471164127,475.2766709694313,801.2417476565292
2025-10-26 21:36:05.676134,88.91965879649169,4.882356808629505,472.23590410878194,803.0232653765406
2025-10-26 21:36:15.676134,92.3956700021994,6.152783667497724,426.54346591365504,790.4411429417268
2025-10-26 21:36:25.676134,97.07946516471365,5.450712699449924,405.1369892545697,808.8195830412187
2025-10-26 21:36:35.676134,90.20598754388996,4.451795984296889,463.46750908862845,828.898376007351
2025-10-26 21:36:45.676134,92.1610698301112,4.992894591183383,420.5976349764751,808.2648404078561
2025-10-26 21:36:55.676134,85.54405130943971,4.770600292565995,429.0559994497196,815.8173059968755
2025-10-26 21:37:05.676134,95.64446163014793,5.671083975506837,468.46752188342737,797.7200004096437
2025-10-26 21:37:15.676134,90.34364975011194,5.356277291179638,466.07243366538165,762.4729821584112
2025-10-26 21:37:25.676134,86.11004941755114,4.9746360951429285,470.63143593354613,776.3529053469771
2025-10-26 21:37:35.676134,89.78705077602427,5.079669866417229,449.29984129962037,772.0959581159457
2025-10-26 21:37:45.676134,91.07048117178407,4.674839796230684,452.5806680132034,800.4842555349508
2025-10-26 21:37:55.676134,91.10423961719457,4.860536289277027,418.5922673198597,795.5374836542318
2025-10-26 21:38:05.676134,88.19757802835147,4.766032724208883,428.84557111088566,754.335492109799
2025-10-26 21:38:15.676134,92.53647316232296,6.133843217025556,471.12784505736573,825.294106684534
2025-10-26 21:38:25.676134,86.93167508765123,5.344873454095772,443.4237927974398,832.2137093553897
2025-10-26 21:38:35.676134,97.45581110269983,4.897204659249426,419.5241847927312,785.6564384464507
2025-10-26 21:38:45.676134,95.49786606207425,5.127920781538145,477.49525552289373,792.1958612675654
2025-10-26 21:38:55.676134,91.86251440177374,4.601909029019148,463.97812168954545,805.8226293669958
2025-10-26 21:39:05.676134,98.03416916971605,4.87201470255147,460.35810007437686,788.0182801499042
2025-10-26 21:39:15.676134,89.33303492184572,5.33252979142085,480.41861323920557,834.7010194597382
2025-10-26 21:39:25.676134,90.15120475455986,4.265465344460208,460.9096931527007,773.2399926015785
2025-10-26 21:39:35.676134,75.6680231384519,5.723379207905429,468.4581275332672,782.3298709873192
2025-10-26 21:39:45.676134,90.9435840455365,5.054674477346339,459.52564553407916,783.6770491369608
2025-10-26 21:39:55.676134,99.72726657662241,5.159864020381394,495.5382013278786,802.0724973094636
2025-10-26 21:40:05.676134,88.18670240707472,5.136453024762458,471.5702481198355,839.8309015199262
2025-10-26 21:40:15.676134,87.33950060081457,4.54057763119272,472.7795323739045,788.4531544356258
2025-10-26 21:40:25.676134,98.97430169439224,5.368104587295724,416.0035372733338,779.9529267209987
2025-10-26 21:40:35.676134,91.94092663290384,5.064635117908838,495.1313077713158,845.509957946335
2025-10-26 21:40:45.676134,91.26181062438717,4.695908532658484,482.8265868813546,852.4679375995167
2025-10-26 21:40:55.676134,94.63850327644207,4.944968223744812,460.3655333395926,827.2419672578206
2025-10-26 21:41:05.676134,91.31241871453393,4.513830181947386,445.8560464324533,797.7183506691499
2025-10-26 21:41:15.676134,94.39540629039554,5.774585312233102,448.1801523517744,804.223528618046
2025-10-26 21:41:25.676134,82.24938199904172,4.6421053415487155,453.52185088194545,768.3680945554153
2025-10-26 21:41:35.676134,82.36707849129114,4.832164818491611,443.63032292939613,807.6532692399272
2025-10-26 21:41:45.676134,88.4043476866945,5.143700380661502,448.69793728215706,803.3053062332269
2025-10-26 21:41:55.676134,91.72592886129947,4.628285308274458,449.47730336758883,785.4108064478065
2025-10-26 21:42:05.676134,88.00134714111947,5.232356247540477,432.6097207953059,768.4410329678299
2025-10-26 21:42:15.676134,92.38670515096534,5.706692291712612,418.39649866439106,805.5877274088888
2025-10-26 21:42:25.676134,94.70294644705253,5.035924180746374,465.449203682816,783.8399510100826
2025-10-26 21:42:35.676134,90.84555585073444,5.336807797932363,410.6343175581809,794.1279211718355
2025-10-26 21:42:45.676134,91.23880543227534,5.861480360677881,478.58474815125044,826.2612928191295
2025-10-26 21:42:55.676134,93.08130949829209,4.680621136336228,425.75530257905183,809.9883231301756
2025-10-26 21:43:05.676134,89.15188834090208,4.631180475357654,487.8068563718899,783.8333634140649
2025-10-26 21:43:15.676134,86.99575962942951,4.401779342072224,447.10762255754656,795.6581646619957
2025-10-26 21:43:25.676134,81.95329852897865,5.291214303460995,465.0696162425192,776.6090441139539
2025-10-26 21:43:35.676134,83.28723983264274,5.338996827234705,452.2943708204884,811.5263517233343
2025-10-26 21:43:45.676134,91.85936803422179,5.348970947092272,462.1402560950899,808.5435915143273
2025-10-26 21:43:55.676134,90.67976056482607,5.022575926593399,470.6613649382241,770.5307804069656
2025-10-26 21:44:05.676134,90.55917347233112,5.372943052940348,449.88966659973875,758.2686960773223
2025-10-26 21:44:15.676134,83.25188776975435,4.833019594175789,412.903224052276,832.9430905431078
2025-10-26 21:44:25.676134,95.93361914059079,5.497226616707202,433.095741519754,812.3611327718273
2025-10-26 21:44:35.676134,88.49348338434582,4.632951932724088,457.82391245540833,775.7853534348117
2025-10-26 21:44:45.676134,83.03835172806147,5.287963457642428,435.7429582126689,746.1722058110995
2025-10-26 21:44:55.676134,86.31889308220023,4.922638547197912,441.3558957048253,810.1979069768113
2025-10-26 21:45:05.676134,95.51973983258999,5.022460113637356,447.0479768549797,798.9966665057392
2025-10-26 21:45:15.676134,91.69138248921831,6.067114081746774,436.4249971444454,834.6419847969889
2025-10-26 21:45:25.676134,92.83192914874226,4.678863431603993,445.88733466583363,838.273924158497
2025-10-26 21:45:35.676134,92.61124904926854,5.913170113028112,447.16980636099595,809.497721800313
2025-10-26 21:45:45.676134,87.1342004911867,4.9709670901212135,441.98822125224376,784.6455087604182
2025-10-26 21:45:55.676134,77.93245313471398,4.701110625636152,468.65898147371644,790.5030943080383
2025-10-26 21:46:05.676134,89.5652450364062,5.1574942566213675,440.4343268625241,788.9294634035458
2025-10-26 21:46:15.676134,101.16275493262587,4.652956836985317,420.05444359818074,796.67933442489
2025-10-26 21:46:25.676134,88.92170214046185,4.91391353316884,476.81425195729025,755.7347980560025
2025-10-26 21:46:35.676134,90.89160006466751,5.66114109326318,470.19471752019655,795.2450244534143
2025-10-26 21:46:45.676134,89.28590752195663,5.33162379838819,465.6433616837626,814.6173283691684
2025-10-26 21:46:55.676134,85.19550980935861,4.66286634977274,496.0023897471227,785.0775693657662
2025-10-26 21:47:05.676134,88.7636309245396,4.117959041437311,467.51737753021536,821.6530954991312
2025-10-26 21:47:15.676134,83.80443917201951,4.484480943930649,408.079760790724,808.614017794636
2025-10-26 21:47:25.676134,84.10331748702794,5.049371875475073,455.6971798260021,793.5581640245299
2025-10-26 21:47:35.676134,84.15485691743335,5.198788156435701,450.640016780774,829.2915290945323
2025-10-26 21:47:45.676134,85.82323475753107,4.042280116251177,436.23750495526946,811.5038142576569
2025-10-26 21:47:55.676134,92.99591440655477,5.649844105196642,429.9833140616968,829.9616640313764
2025-10-26 21:48:05.676134,89.19070621839553,3.8774941488358587,470.86167126825643,803.6583407990101
2025-10-26 21:48:15.676134,94.37532677503738,5.218901332937204,423.8903498323298,770.781807468621
2025-10-26 21:48:25.676134,94.20866684103373,4.798022412384631,461.35549177037984,800.2141326158878
2025-10-26 21:48:35.676134,96.35570742551339,5.828254480561071,440.21512216528924,794.6905424027585
2025-10-26 21:48:45.676134,91.18952237040719,4.912595869762073,446.6789071318892,781.6630118135155
2025-10-26 21:48:55.676134,89.3917545168129,4.920639246504228,490.0592871304461,809.4162056468107
2025-10-26 21:49:05.676134,94.31904160428108,4.946201080752604,452.3470452714516,783.7563221441895
2025-10-26 21:49:15.676134,87.16562863682003,4.271581558410539,459.3319880217167,795.9307848865603
2025-10-26 21:49:25.676134,92.25585407983787,5.21539463343354,415.89707236560224,792.9056196972114
2025-10-26 21:49:35.676134,85.76162690442179,4.8029038149989685,485.48571895691754,796.2940950955877
2025-10-26 21:49:45.676134,90.88740231973046,4.580085013331287,439.8421727193523,810.2775070508965
2025-10-26 21:49:55.676134,90.17089591757403,4.412441803598153,479.96172409762625,806.7139211296011
2025-10-26 21:50:05.676134,87.39183619035688,5.311851805724513,421.4479865494339,804.5378016061637
2025-10-26 21:50:15.676134,97.51216756264711,4.814052167392558,440.3423259609402,762.6507691287646
2025-10-26 21:50:25.676134,92.73422198472593,4.685666698180803,433.4925975518446,795.7515784641229
2025-10-26 21:50:35.676134,91.53377573260886,5.287490207088167,473.1877696379182,820.7465222575906
2025-10-26 21:50:45.676134,87.54963221056636,5.655596659036145,446.3784682557793,791.8445924807506
2025-10-26 21:50:55.676134,81.59776279166375,4.483987576522275,438.54914972920494,845.3653775423305
2025-10-26 21:51:05.676134,91.39740727692411,5.2062284970946235,394.5345172756854,806.7762257142402
2025-10-26 21:51:15.676134,87.20984324308237,4.946705413589355,452.52990746227533,774.1466368802807
2025-10-26 21:51:25.676134,98.05366007837512,4.403951825088532,445.2268313747856,805.3913296318847
2025-10-26 21:51:35.676134,87.2736835412688,5.056068649002579,447.3550979872459,817.1862443332631
2025-10-26 21:51:45.676134,91.97042453458846,4.125337889064064,466.9775155569349,809.2070558481254
2025-10-26 21:51:55.676134,85.12413512958842,5.605981822351804,418.90129657255,789.5083504267881
2025-10-26 21:52:05.676134,91.45316443824449,5.516410877991773,489.273040019414,816.2738879430898
2025-10-26 21:52:15.676134,93.60276812098225,5.287785515443989,476.45302317280266,792.3841243363249
2025-10-26 21:52:25.676134,93.62844255077258,5.089829930324176,411.55649616980185,790.2135287232969
2025-10-26 21:52:35.676134,96.45332161249583,5.558212352939671,458.97353242358264,802.6310246815835
2025-10-26 21:52:45.676134,85.04873316421046,4.053113480005859,464.808738392296,792.2396823340553
2025-10-26 21:52:55.676134,83.901460499421,4.128370803441339,459.73131595752335,789.0750378860455
2025-10-26 21:53:05.676134,93.89456101041829,4.889698472859897,481.7779283095325,789.8633196205424
2025-10-26 21:53:15.676134,91.97415652508599,4.992003294895028,459.68371079305746,740.4044299027416
2025-10-26 21:53:25.676134,86.42141687171083,5.212661844366603,424.1863883824784,795.8117111118554
2025-10-26 21:53:35.676134,96.90979019276212,5.725240757035388,475.72738184124046,808.1868900383591
2025-10-26 21:53:45.676134,92.3228430232075,4.546289343377187,424.2110341585599,811.3831020754783
2025-10-26 21:53:55.676134,91.70485591485983,4.612949858832306,454.84718498807206,838.9536491748606
2025-10-26 21:54:05.676134,77.0095761923172,4.73127267210368,416.86421808191585,813.9418130414297
2025-10-26 21:54:15.676134,89.69330944090603,5.243550243949418,469.207109699163,843.5666125990231
2025-10-26 21:54:25.676134,82.8774980814061,4.728191372734912,466.66454135353416,775.1367746981598
2025-10-26 21:54:35.676134,89.22379821923793,4.4359356477951595,482.6586148839196,817.3522558902397
2025-10-26 21:54:45.676134,89.16511634954206,4.482032781854701,430.6383836094531,803.2031903823681
2025-10-26 21:54:55.676134,83.97001158091487,5.198080389707019,434.60412262231466,847.5143208608357
2025-10-26 21:55:05.676134,92.35245776227917,4.872269824326177,457.0982976173569,772.5763073069686
2025-10-26 21:55:15.676134,95.15513548758841,5.3635829438470966,418.4320586603087,763.541719183657
2025-10-26 21:55:25.676134,96.98142601125546,4.921793414716124,458.43631154476907,811.9141573965245
2025-10-26 21:55:35.676134,88.80068540932409,4.852001815501377,444.77178150922487,755.8685444398089
2025-10-26 21:55:45.676134,85.334635181519,5.434651257737078,434.06258826198814,801.0650102980251
2025-10-26 21:55:55.676134,91.89975226448264,5.017497932130778,478.7868976613967,830.9892446102274
2025-10-26 21:56:05.676134,81.93409995183215,4.531764368381165,470.4806344283454,804.8999174229228
2025-10-26 21:56:15.676134,97.52635907768774,5.620938270786063,493.45687344060894,803.2956079000597
2025-10-26 21:56:25.676134,91.34371944722002,5.960074548639054,493.8866632421843,833.997964291136
2025-10-26 21:56:35.676134,90.09520391728825,5.47602474415549,411.8695369493305,791.2471427478142
2025-10-26 21:56:45.676134,87.7297120186278,4.674070694259226,431.98291567056935,803.1381089064278
2025-10-26 21:56:55.676134,89.23778671355227,4.934672969155236,427.5018769547511,780.2927676156323
2025-10-26 21:57:05.676134,93.0652328850649,3.9882014821407994,450.0132981302592,785.6562350919734
2025-10-26 21:57:15.676134,88.9984410003672,5.022867192383139,471.37946548886856,805.7511797055417
2025-10-26 21:57:25.676134,83.87035427615835,4.462855501947937,461.8658763797704,781.6618989232271
2025-10-26 21:57:35.676134,92.53563891251352,4.832749294378045,476.08488133501703,844.0507132194566
2025-10-26 21:57:45.676134,78.94215619472368,5.684711546770709,494.5555295802152,783.171183748373
2025-10-26 21:57:55.676134,77.5822144115317,4.993915633682812,431.8594043545297,766.009115454409
2025-10-26 21:58:05.676134,90.69317519101217,4.865177053255115,472.63769648456133,814.2465751373494
2025-10-26 21:58:15.676134,89.51512500009885,4.813643469822971,495.5760554335161,837.8666322966945
2025-10-26 21:58:25.676134,107.36544152357811,5.596546943328766,469.1605430843966,802.6330859605121
2025-10-26 21:58:35.676134,89.2046849973094,4.351338254062574,443.1106372110742,773.4075791890762
2025-10-26 21:58:45.676134,86.56828936699814,6.674923008180413,469.2930758548494,800.1712858421332
2025-10-26 21:58:55.676134,92.53949188975241,5.677094053670068,407.80377372009974,801.0121915076888
2025-10-26 21:59:05.676134,92.20273791078742,4.403604684886991,460.6388512353466,806.8754025340671
2025-10-26 21:59:15.676134,98.97417387611468,5.29975646278779,453.6962625761601,777.6542827127273
2025-10-26 21:59:25.676134,84.07387618284456,5.57780773742067,465.60018066870896,818.3112894680522
2025-10-26 21:59:35.676134,103.67748525594877,4.836040470165423,483.9466205287625,832.1938370134651
2025-10-26 21:59:45.676134,82.42601921622487,4.786751380036993,432.6272930412487,781.9401949374136
2025-10-26 21:59:55.676134,92.8513048866702,4.283233348996845,441.45435520834997,814.7464751914106
2025-10-26 22:00:05.676134,94.32863347604052,4.0456314267546025,432.7738624310001,803.546879130752
2025-10-26 22:00:15.676134,94.24549167374832,5.1721378232079,383.8818410242733,802.2258179364997
2025-10-26 22:00:25.676134,92.99077895905077,4.099249535108826,469.2403950201857,785.5352580837728
2025-10-26 22:00:35.676134,81.92294105348716,5.083874857859959,454.9219595496695,819.7924219500312
2025-10-26 22:00:45.676134,87.01608030847154,4.9892502137600685,453.2796103582193,810.0611079146593
2025-10-26 22:00:55.676134,90.079258726599,4.670028268838694,422.16314292128277,782.5914587995333
2025-10-26 22:01:05.676134,90.0372496752473,4.4389378425229635,489.4976614554091,830.5372455671
2025-10-26 22:01:15.676134,93.16364512997787,5.306467514462409,475.1432888470231,782.893592101376
2025-10-26 22:01:25.676134,93.96307618048895,5.1989683645615825,423.03450479308094,787.8052824421836
2025-10-26 22:01:35.676134,87.21599181082053,4.076746575628558,460.6489208570535,798.1878991774702
2025-10-26 22:01:45.676134,91.04645039785522,4.7954339145497205,450.2046752097209,801.2104589376781
2025-10-26 22:01:55.676134,92.26966557913786,5.682837026329594,442.99192325974576,811.459125345232
2025-10-26 22:02:05.676134,95.17139493234333,5.299119417953739,459.2004104545975,826.8031220113675
2025-10-26 22:02:15.676134,92.76186428923465,4.970379605751348,451.1700715763976,789.1997551765211
2025-10-26 22:02:25.676134,92.1606598329107,4.819172820118122,437.0289167668774,792.6028542067658
2025-10-26 22:02:35.676134,101.99103640942687,6.153441542087165,420.1309675128988,831.3637783779706
2025-10-26 22:02:45.676134,87.81061537170802,6.16068348038202,431.5746052850983,839.8935663604196
2025-10-26 22:02:55.676134,91.01127806091895,4.113741750479665,415.5968751558928,776.645749307887
2025-10-26 22:03:05.676134,86.93356463780611,4.90475127252816,470.97661791291335,815.5977309371141
2025-10-26 22:03:15.676134,86.44385220532631,4.329974137194915,421.27771243230126,779.0999523849953
2025-10-26 22:03:25.676134,87.21358384691189,5.285048979038502,436.8418514563333,791.9602611798725
2025-10-26 22:03:35.676134,85.37619634131156,5.506715441655358,488.749943175554,777.4667074292672
2025-10-26 22:03:45.676134,95.08302364606779,5.4896177152970935,445.7888092056941,827.7891941588327
2025-10-26 22:03:55.676134,95.37495785069842,5.726411262170563,431.70985262813116,748.9966894293769
2025-10-26 22:04:05.676134,79.03522693984087,4.8689542342179015,429.4177409705013,800.8506097308425
2025-10-26 22:04:15.676134,91.92593442604384,4.769706348477412,436.7244481641597,800.604629242433
2025-10-26 22:04:25.676134,88.71390485021195,4.781029057733643,480.7165827529405,786.1909703570246
2025-10-26 22:04:35.676134,92.92015634428743,5.053384231523167,446.0210292290546,837.463812119473
2025-10-26 22:04:45.676134,96.21186138671153,3.9521731129372357,396.9941533704857,788.6138649087351
2025-10-26 22:04:55.676134,83.22210431972294,5.277854835419691,432.414272954882,791.1965461671173
2025-10-26 22:05:05.676134,90.80246477543976,5.254880397101657,475.79666156973747,812.0826675639207
2025-10-26 22:05:15.676134,78.95005830208059,4.2890609622191525,438.2439547186676,784.8843646123879
2025-10-26 22:05:25.676134,86.36563560568234,4.29475781085872,449.38180024231895,768.6870381225169
2025-10-26 22:05:35.676134,89.27203589036817,5.365135435311204,431.00722627444554,795.677668116175
2025-10-26 22:05:45.676134,77.67991768139672,5.270525326285226,413.18007836290553,819.5443905741802
2025-10-26 22:05:55.676134,89.07669227477477,3.7926240395850157,430.0591376232704,821.6249630461496
2025-10-26 22:06:05.676134,94.87871321778591,5.285653991083102,442.8214849737439,813.763807478141
2025-10-26 22:06:15.676134,96.35515294136042,5.410409458243878,455.296943127111,804.564209247302
2025-10-26 22:06:25.676134,87.85640747817644,5.190901124301833,453.07090032207805,790.7621410537356
2025-10-26 22:06:35.676134,87.56145789839533,4.657000844766985,442.3593666986973,774.7974627069436
2025-10-26 22:06:45.676134,91.3440272164166,4.660921032050606,447.756195195024,836.5743999110188
2025-10-26 22:06:55.676134,87.68008989949229,5.049504600186417,480.7375731358796,801.7883948390239
2025-10-26 22:07:05.676134,84.3279258854143,4.831453636636854,427.2370142343244,785.0497347776504
2025-10-26 22:07:15.676134,81.32655271177097,4.650465426545435,449.79552154938483,835.0707080124141
2025-10-26 22:07:25.676134,80.93154821410258,4.265894855964447,410.39730623779394,773.0001900550154
2025-10-26 22:07:35.676134,93.24663471935251,5.164998619300265,422.2246563878225,787.6835803246752
2025-10-26 22:07:45.676134,91.49159942196691,4.558715329087186,468.42508861375006,778.9934278431979
2025-10-26 22:07:55.676134,96.36131571957085,5.384647875698416,437.89919298658447,801.2205673582533
2025-10-26 22:08:05.676134,89.23464190662244,4.7316379004648645,446.3566315236319,795.2040736787161
2025-10-26 22:08:15.676134,97.72118571995796,5.194575238317799,417.56168773795696,807.7242891270022
2025-10-26 22:08:25.676134,88.12259363985066,4.542814628345689,475.6770958329835,816.1488000277775
2025-10-26 22:08:35.676134,90.46250639343653,4.352466216137276,448.7141120271316,791.0198228804375
2025-10-26 22:08:45.676134,91.5612371425012,4.8626085005696,362.4650171955577,771.6210304153117
2025-10-26 22:08:55.676134,92.07679577185544,6.896008665163602,486.492727628205,801.5395613649044
2025-10-26 22:09:05.676134,82.40531923508871,4.580756616047418,483.7147734612142,792.5371799343337
2025-10-26 22:09:15.676134,85.78323536716901,4.112528328519115,498.7809867458733,807.018863766166
2025-10-26 22:09:25.676134,90.51264434699722,5.77006093273482,454.4846112968134,784.5003736060872
2025-10-26 22:09:35.676134,98.53579727672994,5.185289412444473,426.4461411096799,817.0728206603378
2025-10-26 22:09:45.676134,92.53681831186667,4.645596798638775,423.6080428203711,791.5671271429361
2025-10-26 22:09:55.676134,94.57013096329104,5.082525968063214,432.88572618087983,801.7421149425716
2025-10-26 22:10:05.676134,93.43815038830745,4.952679673226406,426.9151245575114,795.2782687431961
2025-10-26 22:10:15.676134,84.64709152422431,5.204022393415732,454.7683412836674,812.0001853061465
2025-10-26 22:10:25.676134,88.67020918730505,4.579461943826638,469.72431592921725,828.7545212039082
2025-10-26 22:10:35.676134,83.44020202955542,4.733386936849978,466.60706228604874,791.1753802707907
2025-10-26 22:10:45.676134,80.61128829865123,4.61361775489977,483.92364546217834,805.9824484570565
2025-10-26 22:10:55.676134,91.19892132678046,5.66343177516483,477.6556150947132,758.4877370835369
2025-10-26 22:11:05.676134,91.10691734259092,4.976290541948531,453.75030371333884,780.1025116505645
2025-10-26 22:11:15.676134,97.39610383097735,5.71505065695843,460.8023051493343,833.1660599811886
2025-10-26 22:11:25.676134,86.58239029786137,4.757280577014414,447.03456262135404,829.098896149244
2025-10-26 22:11:35.676134,83.67421017303808,5.242740873756619,402.31093325788856,812.2861677207093
2025-10-26 22:11:45.676134,90.52292823400136,5.164536616727583,471.26337324947923,787.7981733372532
2025-10-26 22:11:55.676134,89.76293524066088,4.672359445896792,427.40831271625416,830.1733082097122
2025-10-26 22:12:05.676134,87.82386354812209,4.720099061620275,417.12587532295186,796.2459452730569
2025-10-26 22:12:15.676134,88.49364445356731,4.828578275025714,493.09589922761387,787.7938761880304
2025-10-26 22:12:25.676134,94.81029385825718,5.099852650880586,433.45265838915356,806.307712362265
2025-10-26 22:12:35.676134,90.89800413801056,4.42868491308537,394.3238028653451,754.3588265161062
2025-10-26 22:12:45.676134,90.14841879615341,5.381700587793825,394.3088776556408,778.8340601980008
2025-10-26 22:12:55.676134,88.68333425605569,4.504498557674355,450.6139682093816,784.633747471278
2025-10-26 22:13:05.676134,86.94176203168527,5.007774181903411,450.55037052054115,829.305121607376
2025-10-26 22:13:15.676134,95.51773526463049,4.434384777828517,437.04961645300625,795.710039112044
2025-10-26 22:13:25.676134,90.83123977754163,4.631261666448883,404.9618743608911,818.1210757669329
2025-10-26 22:13:35.676134,91.68322052338274,4.865966589754069,434.82453921348025,778.0452417642653
2025-10-26 22:13:45.676134,98.48650083741245,4.813754615605544,486.81991618302465,816.0377518442698
2025-10-26 22:13:55.676134,83.35268394010232,4.90055649457998,438.9605260516167,786.6439451958086
2025-10-26 22:14:05.676134,94.5045292910548,6.02039425808058,440.94445103249944,825.1115527248604
2025-10-26 22:14:15.676134,96.26378668825397,4.7053386475886185,444.7377815652307,805.9850436255514
2025-10-26 22:14:25.676134,86.24640117720865,5.1003867847756235,472.87572746467083,802.7462856202421
2025-10-26 22:14:35.676134,93.85103590598229,4.955748280478504,456.94352426278124,791.1503580229556
2025-10-26 22:14:45.676134,91.34527844340013,5.080941089068808,466.19155293009135,834.278328008621
2025-10-26 22:14:55.676134,87.49438730618607,5.949310843862362,471.34535633565645,793.852850043981
2025-10-26 22:15:05.676134,98.5518723211809,4.34771681164416,434.4865906066501,827.6234336534266
2025-10-26 22:15:15.676134,88.43416997676674,4.8068710878573055,421.867750197702,770.3491685767459
2025-10-26 22:15:25.676134,87.60846626702207,5.667372469032861,470.70417195917054,818.8149856930308
2025-10-26 22:15:35.676134,99.9651829183745,4.904408975246749,428.28034308319616,794.107529012896
2025-10-26 22:15:45.676134,90.93204158495517,5.870100502479606,484.2283921643016,820.9876566557914
2025-10-26 22:15:55.676134,101.13475108451307,4.639112533133669,456.33682850094766,822.3643662185873
2025-10-26 22:16:05.676134,93.72428671082633,4.5915145350712745,454.3807226800542,810.9949117732469
2025-10-26 22:16:15.676134,90.34098976253165,4.840487240123698,438.3162834330093,806.5933819765918
2025-10-26 22:16:25.676134,81.36027480976684,5.226038556008526,424.0163638021947,815.464446479813
2025-10-26 22:16:35.676134,94.24050480838625,4.934071784621132,433.47785327584734,782.8341945328631
2025-10-26 22:16:45.676134,95.14887715533742,4.3848482704789085,430.8773707004123,809.8161725499533
2025-10-26 22:16:55.676134,90.34056415111532,5.066945235970034,485.5198113733989,819.6299439521579
2025-10-26 22:17:05.676134,91.3228147953758,5.231149813766962,439.2490685556,789.8809000990543
2025-10-26 22:17:15.676134,97.60326085710615,5.673138577719934,425.7237052595841,786.7278680658119
2025-10-26 22:17:25.676134,99.21558463877139,4.013560923562666,458.5628917801932,867.0829031480486
2025-10-26 22:17:35.676134,93.31865457516874,4.7695502832120305,469.9781792964753,781.1680671066542
2025-10-26 22:17:45.676134,87.06473953512678,5.152276948445155,469.6225739397015,766.8279950214418
2025-10-26 22:17:55.676134,98.09111596457363,5.071650424703512,484.0045513460586,813.5729556843062
2025-10-26 22:18:05.676134,81.85537629236184,5.019206574879587,455.1245527754155,804.4995907007437
2025-10-26 22:18:15.676134,85.36145533919111,4.928292210805342,432.22468555232285,808.711318678862
2025-10-26 22:18:25.676134,86.6981298225982,4.984220669711678,491.60136911931426,787.3585230969572
2025-10-26 22:18:35.676134,89.08417962633017,4.668535241975488,428.47059150521903,784.0929710026812
2025-10-26 22:18:45.676134,95.81101554198801,6.147985272296709,426.3896617978445,786.6296150973168
2025-10-26 22:18:55.676134,90.96836765454381,4.8712970998966565,460.86450499942015,852.509239232774
2025-10-26 22:19:05.676134,90.79967582765948,4.687623181975743,437.4360601784829,812.8865231693313
2025-10-26 22:19:15.676134,92.0021722785529,5.188988568126611,458.7300904344475,775.0823473282343
2025-10-26 22:19:25.676134,90.74168994998847,5.73780585999769,458.15735333053226,813.254310034834
2025-10-26 22:19:35.676134,92.30729025603709,4.775928562003603,483.23834347137137,799.9477022111564
2025-10-26 22:19:45.676134,91.07854461392418,4.769026772596873,416.10350367718473,799.7508038168862
2025-10-26 22:19:55.676134,84.17706753988443,5.493458261421697,471.44474634969714,819.796867996063
2025-10-26 22:20:05.676134,90.75494181393361,4.048056068567965,445.26080138390364,839.0869617805107
2025-10-26 22:20:15.676134,94.1024490959751,5.5726167901698895,447.2968934029784,830.923494132767
2025-10-26 22:20:25.676134,97.96093442413316,4.871751207302402,446.28185749033975,823.7520259374429
2025-10-26 22:20:35.676134,86.29761967978804,4.731442822079846,453.0645653908596,785.8164831515039
2025-10-26 22:20:45.676134,93.14380681621834,5.43094742325904,438.6037518378903,804.848193100309
2025-10-26 22:20:55.676134,99.55796105026998,5.740641826389753,464.70670926835675,769.6451007173432
2025-10-26 22:21:05.676134,83.61580559513665,5.074717489536129,421.73530015844,783.7629384734087
2025-10-26 22:21:15.676134,86.38985371463384,5.149014218165859,475.8142008963076,795.75086525374
2025-10-26 22:21:25.676134,90.25456313243757,3.4679704772122224,454.94977781989684,807.5755129449242
2025-10-26 22:21:35.676134,85.56607996144223,4.384609694862353,416.87908214204424,835.4380446879286
2025-10-26 22:21:45.676134,92.01520839002114,4.967764430629466,438.1385830257424,805.2178259972843
2025-10-26 22:21:55.676134,88.18400691030187,5.048475095886151,443.3392523620473,802.8605258742178
2025-10-26 22:22:05.676134,87.90734936344958,5.029431113526844,412.90319571154413,817.4987924276907
2025-10-26 22:22:15.676134,91.47489789897865,5.302679476774754,415.3311582041423,790.4216812733724
2025-10-26 22:22:25.676134,84.80728095640517,5.128555389792525,417.31688233675754,763.0256012284894
2025-10-26 22:22:35.676134,89.74538975440284,4.40658066499525,421.2566989506427,750.4856191113598
2025-10-26 22:22:45.676134,92.66284796781406,5.4419717458926264,409.68893290822655,785.3809876105489
2025-10-26 22:22:55.676134,87.89460345853057,4.38128509102061,436.4667126798386,806.5402593084056
2025-10-26 22:23:05.676134,96.35351877731411,4.632947518408663,481.35623733221297,784.7116435197839
2025-10-26 22:23:15.676134,87.79961766204842,5.33270683553318,426.9356045239423,812.1129697451137
2025-10-26 22:23:25.676134,85.32974302844374,5.111073196203694,451.08807107572176,804.9464252002398
2025-10-26 22:23:35.676134,85.77962262687181,4.17993237019025,465.9928037777114,812.142035769469
2025-10-26 22:23:45.676134,88.460802485565,4.605555194193385,443.98465471938533,805.0980399246823
2025-10-26 22:23:55.676134,82.1565861143476,4.905638574426527,477.53268078760374,810.745089969027
2025-10-26 22:24:05.676134,85.51795418722074,4.93282204428304,435.1439406532295,803.6531649147922
2025-10-26 22:24:15.676134,88.9206783058551,5.354400328024459,469.20683849596526,762.6796979999006
2025-10-26 22:24:25.676134,90.26838905999895,4.590143674191635,468.55970839931496,790.5314652209695
2025-10-26 22:24:35.676134,90.92254594121306,5.182269605886394,495.0974890607416,799.6341437878468
2025-10-26 22:24:45.676134,88.78993522310736,5.550510771323559,444.46045425648043,775.2699157581824
2025-10-26 22:24:55.676134,92.06379454271614,5.630096081260673,485.34061241880397,834.7244940252889
2025-10-26 22:25:05.676134,87.16410086271199,5.289239302772079,401.59424045273795,801.5296245948904
2025-10-26 22:25:15.676134,98.68718940059446,3.8867825959249354,425.59898954282534,778.1422731972214
2025-10-26 22:25:25.676134,90.52772725063895,4.9430239767538735,446.63632866282285,789.4846913218898
2025-10-26 22:25:35.676134,91.86133280579291,4.9658889768692225,444.7893071434674,778.5481506239986
2025-10-26 22:25:45.676134,96.89504543321605,5.5303663867123865,486.61998358856346,846.915647792727
2025-10-26 22:25:55.676134,87.53604481096788,5.351223913343307,432.4235783682861,765.4026610439824
2025-10-26 22:26:05.676134,90.35462888183744,4.734900684293701,450.9224905639349,812.6575826075458
2025-10-26 22:26:15.676134,89.43139417519815,5.526034350303529,425.01548703339733,813.2655397687545
2025-10-26 22:26:25.676134,87.20378186124275,5.671551853820993,477.00641827633683,805.4759123641427
2025-10-26 22:26:35.676134,86.65228736370098,5.175987486669986,442.1634183698585,802.8018664462237
2025-10-26 22:26:45.676134,98.7566931017256,5.101632676656523,466.3379485423709,805.8820037939852
2025-10-26 22:26:55.676134,91.77434133012962,5.661310245004263,429.6090496051312,771.6636900089119
2025-10-26 22:27:05.676134,88.94212510906719,5.79191396981912,451.5280854739684,811.8291713008455
2025-10-26 22:27:15.676134,91.90108147417759,4.99621261808563,447.9848570782313,767.7534999343823
2025-10-26 22:27:25.676134,87.18030660407196,5.069861956731464,468.503541392386,769.4851719838832
2025-10-26 22:27:35.676134,86.28798949759118,5.934669248815665,420.86006463271525,813.1164455928653
2025-10-26 22:27:45.676134,89.56607410960846,4.784616355297916,422.5848647517197,807.533531989262
2025-10-26 22:27:55.676134,86.9545953091558,4.308398501151469,454.87431889499106,808.4461878235661
2025-10-26 22:28:05.676134,89.81607750919366,5.084606500201642,416.49231683584725,816.7042201890301
2025-10-26 22:28:15.676134,94.9776016952493,5.090677446970872,432.0809053268565,795.1623770255206
2025-10-26 22:28:25.676134,91.99383286704554,5.237431955705369,412.7849281435561,827.293885674363
2025-10-26 22:28:35.676134,90.93810769855608,5.505975321200287,456.09546263910227,793.4931599556974
2025-10-26 22:28:45.676134,82.97726207677589,4.620082906663184,428.99771516351507,760.9077732945115
2025-10-26 22:28:55.676134,95.48702114030563,5.036097460155475,464.90743080810523,778.7573563087261
2025-10-26 22:29:05.676134,97.97087190060027,4.973700290911926,519.1709127636805,829.4149411948111
2025-10-26 22:29:15.676134,88.29101622147694,5.01918273321289,483.4129082488835,814.0426501438543
2025-10-26 22:29:25.676134,86.95139082435178,5.993917741749187,479.2395671504268,780.2244909688255
2025-10-26 22:29:35.676134,92.15332898553429,4.843107871110818,446.5574065185052,830.6963092594159
2025-10-26 22:29:45.676134,83.72021729639916,4.588833150249334,446.3388760236277,804.975730440795
2025-10-26 22:29:55.676134,92.35955364631084,4.473251681567857,448.86240498460563,774.647640104966
2025-10-26 22:30:05.676134,86.09587826302455,5.103548663748207,431.3473538631153,810.9958217572951
2025-10-26 22:30:15.676134,94.4805567203988,4.600638129680097,413.76018924189754,849.7115990475693
2025-10-26 22:30:25.676134,92.0939719107552,5.861786703855155,431.72492692716094,800.6713224646572
2025-10-26 22:30:35.676134,89.13886460777479,4.598978957438059,398.48861301020014,793.9146569507656
2025-10-26 22:30:45.676134,87.98590907996753,5.363972465511303,433.9551896299977,806.3953591135858
2025-10-26 22:30:55.676134,89.67429984878765,5.401317391782668,424.4405028541179,812.7185522661113
2025-10-26 22:31:05.676134,95.88171895957902,5.494265234936001,451.2499727886077,794.2749740299013
2025-10-26 22:31:15.676134,86.00075668781015,5.094191541606527,441.18374585796994,856.3309348053681
2025-10-26 22:31:25.676134,90.90278908668824,5.856410760336436,432.4944212241057,785.8633906221402
2025-10-26 22:31:35.676134,89.32172987053569,4.679436093586777,500.0570890427515,828.9565025270125
2025-10-26 22:31:45.676134,87.01043694520426,4.648030732951619,450.6997320654631,804.2422924679148
2025-10-26 22:31:55.676134,77.42319783817108,4.6607263416678775,461.91257101183453,820.9935743395863
2025-10-26 22:32:05.676134,92.80051546112811,4.710289166310188,488.881312391764,792.0765367598417
2025-10-26 22:32:15.676134,87.27139132242858,4.847041544445763,407.7768587159135,800.4678392770537
2025-10-26 22:32:25.676134,91.09489781817494,4.700633231083693,438.3837762881062,781.6225375265789
2025-10-26 22:32:35.676134,90.6949056730661,6.034663591698404,480.8360388477393,799.7956645430772
2025-10-26 22:32:45.676134,84.1645926629028,5.8463102219763865,416.01506334149803,775.3307703194972
2025-10-26 22:32:55.676134,92.7260590593136,5.006392246529804,455.8466072220957,785.2688270005939
2025-10-26 22:33:05.676134,93.84983486969556,4.9665635694540935,461.2200429322108,774.6901463281416
2025-10-26 22:33:15.676134,83.86654307912124,4.282447261341549,470.218631539251,810.7491741115158
2025-10-26 22:33:25.676134,83.143433611499,5.034674888638585,434.6149515316216,795.8234061377825
2025-10-26 22:33:35.676134,87.42059541000998,5.119419436753423,444.85576921715045,786.4411262893811
2025-10-26 22:33:45.676134,99.05181220568741,5.346208792727277,452.85153683135553,800.7242881825938
2025-10-26 22:33:55.676134,91.34469071135976,5.665726847111422,440.2107280856556,822.0116051002368
2025-10-26 22:34:05.676134,90.14244764766735,4.758340072410651,483.0274607880569,779.8945934610246
2025-10-26 22:34:15.676134,89.60197440780377,4.928439043780665,456.8464262645703,781.3442650906916
2025-10-26 22:34:25.676134,96.378455303595,4.112001210065273,471.7255766689332,828.6694254971542
2025-10-26 22:34:35.676134,90.52613368263604,4.556158418006847,435.321286863186,761.830597548855
2025-10-26 22:34:45.676134,92.2380989290249,5.654659841485106,435.83455772101263,800.3098393938875
2025-10-26 22:34:55.676134,92.47199004963228,4.543364707504305,460.9784125914554,801.5965827319111
2025-10-26 22:35:05.676134,91.61040410175912,5.277953296231273,449.72675745006444,836.1813910243172
2025-10-26 22:35:15.676134,90.3290141248737,5.648835986589406,410.63101327116726,803.9455182985713
2025-10-26 22:35:25.676134,96.45281762735637,5.009577375565372,442.41367859635017,781.2246161230936
2025-10-26 22:35:35.676134,87.11054986232543,5.505921980311043,461.2062844641222,771.6202083479963
2025-10-26 22:35:45.676134,100.50597529505242,5.067310030522025,472.1103936710328,801.924444982185
2025-10-26 22:35:55.676134,89.28496240854362,5.5152905592162345,413.93124644694615,800.1504449326316
2025-10-26 22:36:05.676134,89.66258020311498,5.097748746639453,463.80459719518876,786.0177460576576
2025-10-26 22:36:15.676134,89.16839010117779,5.290164183636959,455.5120332864168,823.9355112525664
2025-10-26 22:36:25.676134,88.53606337864701,4.887585805745497,406.4865948433977,772.1275241933718
2025-10-26 22:36:35.676134,85.56767192752159,4.420768563399919,412.6407990964868,777.7301533970963
2025-10-26 22:36:45.676134,89.87041394824287,4.118814956607453,467.1345187426169,814.3569105372259
2025-10-26 22:36:55.676134,79.80001871539383,3.665081199069886,505.5818205615616,785.8059010725946
2025-10-26 22:37:05.676134,87.7802684424382,5.459816606590482,450.9784788368023,788.296277786874
2025-10-26 22:37:15.676134,82.97836692193928,6.484032883405561,449.8003198304776,819.6374702703572
2025-10-26 22:37:25.676134,85.89633922030806,5.3319647696795345,447.20396891114734,779.1331086630659
2025-10-26 22:37:35.676134,91.32844402902116,3.916476048784106,449.61095910029553,810.8852477901536
2025-10-26 22:37:45.676134,89.05630382695824,4.776615007691139,406.21995513431824,806.2300559583268
2025-10-26 22:37:55.676134,86.51491824034306,5.206948682472506,427.8540404280753,789.4600583456235
2025-10-26 22:38:05.676134,83.80609617830476,4.2164526428623965,489.3084892912991,799.9361249264476
2025-10-26 22:38:15.676134,92.35960357548258,5.2062781372089635,458.91991290167374,818.9979557858161
2025-10-26 22:38:25.676134,94.86585726663715,6.0693073452256545,490.22883439062224,769.2932154576141
2025-10-26 22:38:35.676134,92.76111634056858,3.7506628824257886,497.76414227112707,774.0579495646566
2025-10-26 22:38:45.676134,89.9596348535885,5.661388271009251,445.8551696327742,812.1399622740983
2025-10-26 22:38:55.676134,85.6443628401518,5.307114678951436,496.495769935002,800.5927343657278
2025-10-26 22:39:05.676134,88.48825614743122,5.274948689629297,430.528749526599,807.2130372312937
2025-10-26 22:39:15.676134,94.09916674294085,4.1873973754941725,453.73346090843467,790.9588487310284
2025-10-26 22:39:25.676134,92.66105693264326,4.397910491365512,384.07324750105965,815.0559150915212
2025-10-26 22:39:35.676134,84.79831073264853,5.017721872925145,459.5553204689073,791.3782678141806
2025-10-26 22:39:45.676134,88.13405009722649,4.663524431707207,493.4991564899874,759.8465012633461
2025-10-26 22:39:55.676134,94.26414733301618,5.974374486688145,487.274411440688,830.096956658494
2025-10-26 22:40:05.676134,82.31941828327959,5.584232144127858,464.5132230787423,821.1307236380867
2025-10-26 22:40:15.676134,106.427800713367,4.962833650395862,432.67081033704363,843.8447415651061
2025-10-26 22:40:25.676134,96.92929126466221,5.2306575647456794,506.82784851701206,778.2344286277794
2025-10-26 22:40:35.676134,90.57286895205792,4.9906366020059165,495.0824967324892,781.3247259926509
2025-10-26 22:40:45.676134,98.40161235619063,4.675908501968139,384.02966234027525,808.6346884187493
2025-10-26 22:40:55.676134,92.0700697505181,6.440175561146382,452.6440942757712,802.1682673807137
2025-10-26 22:41:05.676134,87.14680332326073,4.4381769059933704,476.2723471848017,791.6892214686791
2025-10-26 22:41:15.676134,95.0991740217464,5.472914152832565,388.51413344539014,806.7881343923347
2025-10-26 22:41:25.676134,86.41816668093651,5.538470993332502,381.2953556599766,800.4787845353807
2025-10-26 22:41:35.676134,90.2472670665674,4.948166316079676,421.30219422517087,780.6382897318293
2025-10-26 22:41:45.676134,96.76729159313032,4.874897148110337,423.62129438549505,806.6293428601566
2025-10-26 22:41:55.676134,94.95382670778307,3.6409968053183883,433.05116397193973,812.229117408374
2025-10-26 22:42:05.676134,90.63186248816825,5.04829048010556,479.7330413382352,782.2446855839555
2025-10-26 22:42:15.676134,86.53657473804297,5.442443190993692,405.2473929191216,765.2373252685794
2025-10-26 22:42:25.676134,92.30585029815295,3.9972053983975586,423.79315428667525,830.939464356405
2025-10-26 22:42:35.676134,91.17476553999514,5.132644759133742,467.85739602256734,819.4065895977445
2025-10-26 22:42:45.676134,91.29503655812529,4.915463884190581,456.31781340255833,796.5894033002636
2025-10-26 22:42:55.676134,84.75825190390258,4.543955243424208,462.7317690493167,790.120718255881
2025-10-26 22:43:05.676134,88.055293049802,5.60328759028364,444.9735857137011,815.0790917756727
2025-10-26 22:43:15.676134,93.21237408970168,4.269790630127958,427.76630969954914,827.0524753690548
2025-10-26 22:43:25.676134,86.28409288804801,5.24819351569966,449.78557579865424,797.3020628377365
2025-10-26 22:43:35.676134,95.2924993979916,4.870525911175096,428.99870348177416,787.2791450978436
2025-10-26 22:43:45.676134,90.30458029408463,4.744134963287654,415.22911449272993,836.9706190673838
2025-10-26 22:43:55.676134,95.5129051972573,4.477020518352633,448.6619238287271,858.6745686685813
2025-10-26 22:44:05.676134,83.84417069049341,4.525085544445727,449.08411374355035,793.3192390379434
2025-10-26 22:44:15.676134,86.68691919735244,5.152384511885074,422.5639436463218,782.6913189911203
2025-10-26 22:44:25.676134,93.74825001985974,5.125373922507452,436.5208204922287,805.6737256040159
2025-10-26 22:44:35.676134,79.52083742765276,4.732815563829126,465.68533626295005,806.3428004320789
2025-10-26 22:44:45.676134,93.1284253600537,5.2735300573070605,456.86312072856936,810.984242980818
2025-10-26 22:44:55.676134,86.76110760664673,4.8235468008687645,478.75148271399615,780.3187081206624
2025-10-26 22:45:05.676134,90.67942542473435,4.678703395672617,419.1354669042954,784.9932238839567
2025-10-26 22:45:15.676134,88.11021830257712,4.4067362624771516,454.04763686190745,798.3436748145072
2025-10-26 22:45:25.676134,89.16635960274793,5.022299510328765,424.51930372856896,828.2239628350404
2025-10-26 22:45:35.676134,88.43389528426096,5.719611483151414,439.06887148022645,781.8124263468643
2025-10-26 22:45:45.676134,91.14503890446544,5.439299107071652,442.5287297834952,771.3961660873317
2025-10-26 22:45:55.676134,91.4210800433348,5.31884999734438,458.1905290994916,818.4386987327387
2025-10-26 22:46:05.676134,94.5866152731354,4.929972288281242,488.55758217480394,781.4452595874552
2025-10-26 22:46:15.676134,85.96495653613744,4.482731349214773,419.7556693228491,777.2222471620818
2025-10-26 22:46:25.676134,91.68879429771866,4.284950121783561,423.5351966877173,771.8036603889868
2025-10-26 22:46:35.676134,85.95143693724867,4.803086105520337,425.39906992485174,796.8569125322258
2025-10-26 22:46:45.676134,96.80308925066802,5.876479407365331,451.6198620518179,805.0223754794961
2025-10-26 22:46:55.676134,83.41421892067578,4.944081305770701,428.3393285347659,781.6313638175924
2025-10-26 22:47:05.676134,86.8181791581509,5.333708665335949,430.1337902050252,789.2394035567532
2025-10-26 22:47:15.676134,92.4550158155849,5.031659746222965,446.33368836565097,804.5752572943497
2025-10-26 22:47:25.676134,91.21013214801302,5.4136658677494,457.1287998409388,792.3692265444998
2025-10-26 22:47:35.676134,91.31498515002308,4.621423808411741,472.4949878538662,780.0332206265098
2025-10-26 22:47:45.676134,91.0981403772893,5.59279007345172,433.70022696654524,772.4606334405379
2025-10-26 22:47:55.676134,88.74137665650832,5.61361001322474,442.3131260907286,813.2623906543473
2025-10-26 22:48:05.676134,91.45028169016663,4.658576144607538,500.9547347912894,779.6451698054417
2025-10-26 22:48:15.676134,86.18164525903369,4.826750127619431,444.24640697395324,800.0861319068285
2025-10-26 22:48:25.676134,87.46169228529598,4.93825031835808,421.46428679524223,788.0737273443538
2025-10-26 22:48:35.676134,87.76400247931946,5.659384556661095,432.8499349954658,797.0400006427528
2025-10-26 22:48:45.676134,84.78139196158513,4.907632820687303,428.31050454376344,799.6405657171427
2025-10-26 22:48:55.676134,92.84658520112974,4.768577253376522,435.61973876114286,808.3560587599859
2025-10-26 22:49:05.676134,94.49872579274032,5.5736885551746616,416.1660208295934,782.3445292947317
2025-10-26 22:49:15.676134,89.18308283586822,4.7846428071860085,454.70509241919615,813.7670984208047
2025-10-26 22:49:25.676134,93.36521319549328,5.038477237072773,429.93034402525655,781.6952850036081
2025-10-26 22:49:35.676134,90.70204889684202,4.793752545644363,466.21776833676483,792.9804728954083
2025-10-26 22:49:45.676134,87.05704437211558,5.106190851251698,440.7841471940578,817.2977631637709
2025-10-26 22:49:55.676134,85.76723169853291,3.861530740638656,472.5255287493642,816.6248178177374
2025-10-26 22:50:05.676134,87.4689839154219,5.697683543652854,427.7142322110884,775.6460759770023
2025-10-26 22:50:15.676134,98.82751384716211,4.80141251746181,430.9039151921413,770.3822424177545
2025-10-26 22:50:25.676134,90.96542164804242,4.273818102688544,481.73737362070614,796.0320071294198
2025-10-26 22:50:35.676134,92.03370219739259,4.222396703235675,453.7281785372917,786.0804237807091
2025-10-26 22:50:45.676134,89.70484720359741,4.461051860677282,458.6939917681757,782.8492660767994
2025-10-26 22:50:55.676134,95.98419117202772,4.7506475009654965,472.3664206805572,776.1807394347356
2025-10-26 22:51:05.676134,92.15358046604445,5.390217728034663,460.57997477494575,746.811743528417
2025-10-26 22:51:15.676134,91.44633459953404,5.43447311104205,479.4120686731139,818.8642265628821
2025-10-26 22:51:25.676134,90.15923403306688,5.488434127545175,494.2870501487305,809.8656519586151
2025-10-26 22:51:35.676134,90.05898332932112,5.913997869530302,465.25481830558704,832.5437662775788
2025-10-26 22:51:45.676134,89.27260971190032,5.19255215216246,453.1739503823348,777.4270243073665
2025-10-26 22:51:55.676134,88.51931296890272,5.7561532212251585,427.5457930146283,764.8642364793723
2025-10-26 22:52:05.676134,89.07493299262516,5.079991972564955,440.7744392327528,772.7511449005414
2025-10-26 22:52:15.676134,95.92413510944104,5.222240048070802,413.5664308080658,801.7386473722268
2025-10-26 22:52:25.676134,90.88553403326617,5.350563465937446,487.2010550608542,776.6064232515022
2025-10-26 22:52:35.676134,88.39777387054819,4.536819532315365,396.7100366987438,782.8054426772944
2025-10-26 22:52:45.676134,84.1842889087778,4.324960857801332,419.134943847245,818.4865710189283
2025-10-26 22:52:55.676134,83.58992879150243,5.1524026911475955,459.6829315587963,772.1573021859315
2025-10-26 22:53:05.676134,87.41730457160422,5.881020146804424,470.61860552364254,752.6130173128485
2025-10-26 22:53:15.676134,88.14260408244,6.005833013554745,471.6690488847246,818.2245353671268
2025-10-26 22:53:25.676134,85.88435328096033,4.46227265242342,464.1968566624448,799.2781609102227
2025-10-26 22:53:35.676134,93.01117944745823,5.505979135315362,476.88282563874395,789.1794843196674
2025-10-26 22:53:45.676134,92.14721390614321,4.2957505884768565,439.9867917017771,817.4241170594322
2025-10-26 22:53:55.676134,87.9154124452422,5.3594145108809474,443.0797865562665,822.5969735393396
2025-10-26 22:54:05.676134,93.66247808453105,4.633960735093818,433.31523071180266,787.9980973253115
2025-10-26 22:54:15.676134,91.35513615267669,4.410473014249913,431.2334019026298,824.541446401187
2025-10-26 22:54:25.676134,89.78069613168945,4.439851883410988,470.5998917564268,786.6118607582343
2025-10-26 22:54:35.676134,91.48857504455731,4.586154325660907,475.10894764101494,817.0794580152922
2025-10-26 22:54:45.676134,82.43343796812054,5.124387956427764,411.34031181187584,815.7296296968893
2025-10-26 22:54:55.676134,87.26387794349573,5.233285572745056,442.577630466351,778.6330751925212
2025-10-26 22:55:05.676134,91.1094136574266,4.511650196636866,462.84559421902827,801.3016227529761
2025-10-26 22:55:15.676134,90.94671004816578,4.9447894460941795,451.83023583556184,784.0621589545873
2025-10-26 22:55:25.676134,93.65430485757244,5.73762316272736,459.15944102990846,811.2544365625982
2025-10-26 22:55:35.676134,89.55611477329538,4.078466019997675,456.2981620224214,807.2830842562338
2025-10-26 22:55:45.676134,88.34650274087004,3.9498360764749663,471.19597601803144,772.5251606931013
2025-10-26 22:55:55.676134,93.9973625692815,5.196067205048622,460.54264576845435,781.5740215641198
2025-10-26 22:56:05.676134,84.26978479656616,5.5088089351363925,429.8271264388406,813.3220709227334
2025-10-26 22:56:15.676134,92.37447010353307,5.140710891107119,493.9232302715931,805.1695768511904
2025-10-26 22:56:25.676134,94.85409770840354,4.3778373609047385,460.8836259290299,777.677719789877
2025-10-26 22:56:35.676134,92.93860635158427,5.3891720532152405,462.54444811097943,783.560863734417
2025-10-26 22:56:45.676134,89.13158771273753,5.493668401765253,443.9049300715435,804.5305751353762
2025-10-26 22:56:55.676134,90.93677427079594,4.843306837262126,408.1574328967116,823.2199744435854
2025-10-26 22:57:05.676134,89.86913543548054,4.688825087754566,433.1793945221936,800.0413948948817
2025-10-26 22:57:15.676134,81.52264886960813,5.256525734062736,466.04150065206886,787.292753792492
2025-10-26 22:57:25.676134,83.36019436806158,3.0069230533725344,432.0773705498236,823.386409408928
2025-10-26 22:57:35.676134,87.82091110290476,4.552900177072548,421.0398855420381,790.252373542216
2025-10-26 22:57:45.676134,85.54677180781172,5.21987879692597,449.4928727893449,842.455352548985
2025-10-26 22:57:55.676134,94.21502978892634,5.307224029691946,443.03270980998093,814.809320171598
2025-10-26 22:58:05.676134,81.03191649912294,5.407504274633011,496.9766410885134,782.9651572400923
2025-10-26 22:58:15.676134,92.3535667071217,4.52081107955327,417.8537188514697,798.53929002179
2025-10-26 22:58:25.676134,88.46019256392678,4.361485590067131,443.87482376345514,783.6874680341543
2025-10-26 22:58:35.676134,95.22617745630222,4.478274382948455,455.33735659801573,782.1487351350386
2025-10-26 22:58:45.676134,93.55778965969427,4.9355785223723645,453.99099672356596,773.2173186348462
